experiment,crossover_type,run,parent_slot,pair_count,child_count,run_count,morph_distance_mean,morph_distance_median,morph_distance_std,morph_distance_q25,morph_distance_q75,shape_distance_mean,shape_distance_median,shape_distance_std,shape_distance_q25,shape_distance_q75,occupied_union_material_distance_mean,occupied_union_material_distance_median,occupied_union_material_distance_std,occupied_union_material_distance_q25,occupied_union_material_distance_q75,material_substitution_distance_mean,material_substitution_distance_median,material_substitution_distance_std,material_substitution_distance_q25,material_substitution_distance_q75,trait_profile_distance_mean,trait_profile_distance_median,trait_profile_distance_std,trait_profile_distance_q25,trait_profile_distance_q75,parent_pair_morph_distance_mean,parent_pair_morph_distance_median,parent_pair_morph_distance_std,parent_pair_morph_distance_q25,parent_pair_morph_distance_q75,child_fitness_mean,child_fitness_median,child_fitness_std,child_fitness_q25,child_fitness_q75,fitness_delta_mean,fitness_delta_median,fitness_delta_std,fitness_delta_q25,fitness_delta_q75,morph_distance_min,morph_distance_max,morph_distance_raw_mean,shape_distance_raw_mean,occupied_union_material_distance_raw_mean,material_substitution_distance_raw_mean,size_norm_abs_diff_mean,symmetry_abs_diff_mean,proportion_abs_diff_mean,coverage_abs_diff_mean,relative_joints_abs_diff_mean,relative_limbs_abs_diff_mean,muscle_prop_abs_diff_mean
flat_arithmetic_recombination_25pop_25off_50gen_1000steps,arithmetic_recombination,1,closest_parent,1216,1216,1,0.06930760970170506,0.0,0.11291739735143297,0.0,0.1458528419959549,0.07188870614035087,0.0,0.13080112310062578,0.0,0.1111111111111111,0.23782187669526444,0.0,0.363631454465371,0.0,0.6666666666666666,0.08199679469996807,0.0,0.18791367132064457,0.0,0.0,0.0950248622033453,0.0,0.15200881945812594,0.0,0.22478632478632476,0.06183886058134713,0.0,0.10610616234703794,0.0,0.13999250412855005,26.851430503092153,24.74469150601525,23.37437569248084,1.6311372210815234,51.88597779495121,-11.242767524000334,-6.579048326832179,14.888223722566154,-12.545525050732945,-2.4685112952626014,0.0,0.4786103636973559,0.16976827906114644,2.5879934210526314,3.020559210526316,0.43256578947368424,0.10209676009632428,0.05456299011965211,0.05814144736842104,0.04451160453216373,0.06991998424724115,0.07260948344418738,0.06991998424724115
flat_arithmetic_recombination_25pop_25off_50gen_1000steps,arithmetic_recombination,1,parent1,1216,1216,1,0.08017071658029008,0.0,0.12846879129890657,0.0,0.18430223560651304,0.07504111842105263,0.0,0.13316189001568843,0.0,0.1388888888888889,0.24370470544728318,0.0,0.36887308638410765,0.0,0.7,0.07681259430606373,0.0,0.18383039547346908,0.0,0.0,0.10329050412288977,0.0,0.16254681626335243,0.0,0.24993894993894994,0.06183886058134713,0.0,0.10610616234703794,0.0,0.13999250412855005,26.851430503092153,24.74469150601525,23.37437569248084,1.6311372210815234,51.88597779495121,-11.356737694924638,-6.7485825438471805,14.87645949729185,-12.839197661032367,-2.555194034221593,0.0,0.4856373352607653,0.1963773479349978,2.7014802631578947,3.0896381578947367,0.3881578947368421,0.10882816126732382,0.07097648294599913,0.06907894736842106,0.05039153874269005,0.07654668178066823,0.08423098511503117,0.07654668178066823
flat_arithmetic_recombination_25pop_25off_50gen_1000steps,arithmetic_recombination,1,parent2,1216,1216,1,0.08191333438245534,0.0,0.12944272338600288,0.0,0.1834829402492959,0.0800438596491228,0.0,0.13959739646237396,0.0,0.1388888888888889,0.2538346058280671,0.0,0.37682136022163426,0.0,0.7142857142857143,0.08768617621413674,0.0,0.19585764239021136,0.0,0.0,0.10680792003033944,0.0,0.16638106131276825,0.0,0.25512820512820505,0.06183886058134713,0.0,0.10610616234703794,0.0,0.13999250412855005,26.851430503092153,24.74469150601525,23.37437569248084,1.6311372210815234,51.88597779495121,-11.10465021194921,-6.550394269945015,14.87399034344202,-11.736704256053198,-2.404342230588405,0.0,0.5754863322099932,0.20064587236699297,2.8815789473684212,3.307565789473684,0.42598684210526316,0.11365188902672033,0.07281378508169901,0.06816063596491227,0.05424570540935671,0.07649532969642561,0.08945302458871537,0.07649532969642561
flat_arithmetic_recombination_25pop_25off_50gen_1000steps,arithmetic_recombination,2,closest_parent,1206,1206,1,0.0825984189377477,0.0,0.10624129086019996,0.0,0.15692983704817984,0.06797033351759718,0.0,0.10365786507791903,0.0,0.1111111111111111,0.2665241824750932,0.0,0.3170061650323336,0.0,0.5555555555555556,0.11198759090550135,0.0,0.18486233588105297,0.0,0.2,0.10880788754373216,0.0,0.1364082965277936,0.0,0.23071242029575356,0.047087032789244615,0.0,0.1004692212152302,0.0,0.0,11.296919051296465,10.451258552134092,7.958923856923311,3.52334549121284,18.876245439603572,-6.289039033754536,-3.6928799288034053,6.962042666716577,-10.380443937029348,-0.4804085527495513,0.0,0.4554570947119573,0.2023239799581208,2.446932006633499,3.2330016583747927,0.7860696517412935,0.1302757140132762,0.08965105628662842,0.0784964068546158,0.05044154228855719,0.052314224609000703,0.08702418941846801,0.052314224609000703
flat_arithmetic_recombination_25pop_25off_50gen_1000steps,arithmetic_recombination,2,parent1,1206,1206,1,0.09325270938648104,0.0,0.11543947735369746,0.0,0.177791026789075,0.0708724894048277,0.0,0.10299596299814603,0.0,0.1388888888888889,0.2797320447530579,0.0,0.32032088737422687,0.0,0.5714285714285714,0.12248129841413423,0.0,0.19557575549068962,0.0,0.2222222222222222,0.11815617909800535,0.0,0.14281057326521787,0.0,0.24291095300710683,0.047087032789244615,0.0,0.1004692212152302,0.0,0.0,11.296919051296465,10.451258552134092,7.958923856923311,3.52334549121284,18.876245439603572,-6.302137585794707,-3.7262572864528263,6.958846128429637,-10.380443937029348,-0.4804395397376068,0.0,0.5294544581575761,0.22842155512892592,2.5514096185737976,3.4046434494195688,0.8532338308457711,0.13696165061214813,0.10513047736306443,0.0884604754007739,0.05825686382900312,0.0613284368570438,0.09621411042430941,0.0613284368570438
flat_arithmetic_recombination_25pop_25off_50gen_1000steps,arithmetic_recombination,2,parent2,1206,1206,1,0.09543619128874838,0.0,0.11785434674022267,0.0,0.177791026789075,0.07232356734844295,0.0,0.10470935029137585,0.0,0.1388888888888889,0.2828476270555692,0.0,0.32290849409503564,0.0,0.5833333333333334,0.12286391515247237,0.0,0.19607074224018303,0.0,0.2222222222222222,0.12038864728963025,0.0,0.14462675019967539,0.0,0.246175468050468,0.047087032789244615,0.0,0.1004692212152302,0.0,0.0,11.296919051296465,10.451258552134092,7.958923856923311,3.52334549121284,18.876245439603572,-6.174261287800562,-3.881411838683074,7.007684710077771,-10.27595862308201,-0.3442632040580626,0.0,0.4930066485916347,0.23376997165208244,2.603648424543947,3.4676616915422884,0.8640132669983416,0.1392516422678114,0.1039658965964936,0.08948313985627418,0.058283121429887584,0.06466081941828208,0.10104831482319043,0.06466081941828208
flat_arithmetic_recombination_25pop_25off_50gen_1000steps,arithmetic_recombination,3,closest_parent,1084,1084,1,0.13591179399228268,0.1477292268667644,0.10647789816962064,0.0,0.20417128846777374,0.19580258302583026,0.1944444444444444,0.16454421215525777,0.0,0.3333333333333333,0.527440371672127,0.6470588235294118,0.3372368187601164,0.21929824561403505,0.8181818181818182,0.26284955361861356,0.22649572649572647,0.24522632965763871,0.0,0.475,0.21272728531295593,0.249880247957171,0.15266584180768064,0.0,0.3279393009150094,0.12019854772070539,0.1136861477333318,0.11801846129860943,0.0,0.1925460726420124,17.52188907087204,3.2073630338843526,23.020679622652448,0.7476486746993818,35.2136265888878,-22.050705423394568,-15.565889381092699,22.206125740470128,-44.00943384972464,-2.1725722666741145,0.0,0.4974213340208628,0.33291454530735676,7.0488929889298895,9.115313653136532,2.066420664206642,0.2543122927791856,0.0925612679554671,0.12678351783517833,0.0878561910619106,0.1295328927817701,0.11703716458805252,0.1295328927817701
flat_arithmetic_recombination_25pop_25off_50gen_1000steps,arithmetic_recombination,3,parent1,1084,1084,1,0.16434697542942184,0.16974319837208718,0.11656810025043922,0.08887285717169299,0.22818389431806418,0.2176353013530135,0.2222222222222222,0.16275878835945112,0.07638888888888885,0.3333333333333333,0.570542671475056,0.6666666666666666,0.31963438491791685,0.35609243697478987,0.8333333333333334,0.27915250773833394,0.25,0.24393656738761735,0.0,0.5,0.24392313358674875,0.27596662596662597,0.1551932869424007,0.1252156047077922,0.34985959721789683,0.12019854772070539,0.1136861477333318,0.11801846129860943,0.0,0.1925460726420124,17.52188907087204,3.2073630338843526,23.020679622652448,0.7476486746993818,35.2136265888878,-22.170257626384743,-14.656722815729317,22.490884241672596,-46.22926242601724,-2.412794129314083,0.0,0.5857389113938407,0.40256623057180774,7.834870848708487,9.976014760147601,2.1411439114391144,0.2952989271375325,0.11280513783080949,0.16285362853628535,0.10351681016810166,0.1552495567883716,0.1437428069878831,0.1552495567883716
flat_arithmetic_recombination_25pop_25off_50gen_1000steps,arithmetic_recombination,3,parent2,1084,1084,1,0.16362162672888406,0.1683590692005565,0.12212363480841275,0.07440497472705443,0.23303499615754628,0.2181221812218122,0.2222222222222222,0.16801589264368916,0.0277777777777777,0.3333333333333333,0.5641386817658351,0.6666666666666666,0.32900635955988294,0.29642857142857143,0.8333333333333334,0.28208591241155384,0.25,0.24786568808125747,0.0,0.5,0.24037592961850715,0.27479409936129695,0.16102435889569372,0.0861149267399267,0.3525972985347985,0.12019854772070539,0.1136861477333318,0.11801846129860943,0.0,0.1925460726420124,17.52188907087204,3.2073630338843526,23.020679622652448,0.7476486746993818,35.2136265888878,-22.029683311604096,-14.645744113805112,22.329633902487966,-45.68518438192147,-2.3891226105079943,0.0,0.6001616297180804,0.4007894963698994,7.85239852398524,10.03690036900369,2.1845018450184504,0.29666849743252327,0.11211976239758896,0.15581180811808115,0.1020182451824518,0.15412987625389674,0.14653162589755073,0.15412987625389674
flat_arithmetic_recombination_25pop_25off_50gen_1000steps,arithmetic_recombination,4,closest_parent,1164,1164,1,0.15344706046113174,0.1379598557939939,0.13870379286168485,0.0,0.27419377017813473,0.07989690721649483,0.0555555555555555,0.09192023532886316,0.0,0.1388888888888889,0.4111293289328821,0.5,0.33883542868017874,0.0,0.7142857142857143,0.21290637579297375,0.0,0.2540454494815992,0.0,0.4285714285714285,0.2146966216570893,0.22122797837083552,0.1850247248878804,0.0,0.36165703954165485,0.10429729181778677,0.0,0.13785369739641842,0.0,0.226766178468128,10.88788800902588,5.098940871020432,10.369424837793142,2.0445934130781156,23.01765251951553,-11.003694158947505,-7.878155970367094,10.48722281580493,-19.2035843142165,-2.0299734067096606,0.0,0.4500114310390834,0.37586700065977235,2.8762886597938144,3.9699312714776633,1.0936426116838487,0.191239750201621,0.10417687589458358,0.1304410080183276,0.133940673921344,0.1597096557565023,0.18130147820869472,0.1597096557565023
flat_arithmetic_recombination_25pop_25off_50gen_1000steps,arithmetic_recombination,4,parent1,1164,1164,1,0.17871897387958469,0.1812025445183309,0.14982835550735246,0.0,0.31808681735717986,0.09015845742649864,0.0833333333333333,0.09727923559556939,0.0,0.1388888888888889,0.44123755394737013,0.5,0.34033741291203706,0.0,0.75,0.21799251721932134,0.0,0.2536132401614995,0.0,0.4444444444444444,0.23809771147740466,0.2683150183150183,0.19104335712690193,0.0,0.4026717032967032,0.10429729181778677,0.0,0.13785369739641842,0.0,0.226766178468128,10.88788800902588,5.098940871020432,10.369424837793142,2.0445934130781156,23.01765251951553,-11.094823838413395,-7.9197066299957175,10.55253327818286,-19.620855787889433,-2.076907231453504,0.0,0.5429602071166318,0.43777029335877743,3.245704467353952,4.299828178694158,1.0541237113402062,0.22669289466401352,0.11562993051016095,0.15214776632302404,0.14920651966399387,0.17901812983301763,0.23093738067964875,0.17901812983301763
flat_arithmetic_recombination_25pop_25off_50gen_1000steps,arithmetic_recombination,4,parent2,1164,1164,1,0.18170294488551814,0.1929172832830185,0.1488033142806901,0.0,0.30828605253073066,0.09003913707521953,0.0833333333333333,0.09556545339221963,0.0,0.1388888888888889,0.4401058380125638,0.5,0.33877018370631146,0.0,0.75,0.206488440444626,0.0,0.24923978367431332,0.0,0.4,0.2424669145977284,0.2777995813710099,0.19121554714385602,0.0,0.4084798534798535,0.10429729181778677,0.0,0.13785369739641842,0.0,0.226766178468128,10.88788800902588,5.098940871020432,10.369424837793142,2.0445934130781156,23.01765251951553,-10.95337508977023,-7.962747828336559,10.612812518657872,-18.825848367671764,-2.0991502663647896,0.0,0.5653488671287722,0.4450794997305738,3.241408934707904,4.236254295532646,0.9948453608247423,0.22036025741491172,0.11808365926012983,0.16238545246277203,0.1491325410462008,0.18722186052386172,0.2289481399661812,0.18722186052386172
flat_arithmetic_recombination_25pop_25off_50gen_1000steps,arithmetic_recombination,5,closest_parent,1213,1213,1,0.022577126786394588,0.0,0.07947678777855777,0.0,0.0,0.01763304937253824,0.0,0.06762507195076499,0.0,0.0,0.06284483491443649,0.0,0.20839298581928645,0.0,0.0,0.019309780171280582,0.0,0.09828189973752116,0.0,0.0,0.027847370281035726,0.0,0.09681115278249317,0.0,0.0,0.027349215566032932,0.0,0.09916192081689847,0.0,0.0,9.792731536055168,9.564145484328405,5.01829912284458,5.919358530953039,14.289832020986903,-6.510178554713918,-5.910107583212392,4.696345908417212,-10.20125579413441,-2.6260480662382832,0.0,0.4670082524098798,0.05530244048478887,0.6347897774113768,0.7345424567188789,0.09975267930750206,0.03630144352972895,0.01220528552679732,0.02519923055784556,0.014183154712833195,0.015794064263745144,0.02826161426738508,0.015794064263745144
flat_arithmetic_recombination_25pop_25off_50gen_1000steps,arithmetic_recombination,5,parent1,1213,1213,1,0.029152731204974885,0.0,0.09878226639646012,0.0,0.0,0.01999175597691673,0.0,0.07321428775913069,0.0,0.0,0.06780877744492461,0.0,0.21963717009914424,0.0,0.0,0.018661381212906357,0.0,0.09924521887920958,0.0,0.0,0.03422135783560988,0.0,0.11549161903243957,0.0,0.0,0.027349215566032932,0.0,0.09916192081689847,0.0,0.0,9.792731536055168,9.564145484328405,5.01829912284458,5.919358530953039,14.289832020986903,-6.544942326314386,-5.979758797509895,4.711011762852856,-10.211723950911022,-2.7078441482196034,0.0,0.5648554562035817,0.07140931606070106,0.7197032151690025,0.8021434460016488,0.08244023083264633,0.044039066235632585,0.01619424526156039,0.03360813410277549,0.02047609233305853,0.023269688903668317,0.03705425745821459,0.023269688903668317
flat_arithmetic_recombination_25pop_25off_50gen_1000steps,arithmetic_recombination,5,parent2,1213,1213,1,0.028444591003156165,0.0,0.09684460544721611,0.0,0.0,0.018961253091508652,0.0,0.07055110237966548,0.0,0.0,0.06635681212938384,0.0,0.2163391306115686,0.0,0.0,0.018551669087530587,0.0,0.09522670948560372,0.0,0.0,0.033107743939432034,0.0,0.11157739285852065,0.0,0.0,0.027349215566032932,0.0,0.09916192081689847,0.0,0.0,9.792731536055168,9.564145484328405,5.01829912284458,5.919358530953039,14.289832020986903,-6.4213699084352465,-5.724835576673463,4.697531761487781,-10.140526040168718,-2.563297309673583,0.0,0.5233165727837542,0.06967473389989369,0.6826051112943117,0.765045342126958,0.08244023083264633,0.04231299551868262,0.015920750078302803,0.032701291563616376,0.018527296876431253,0.0225947885005782,0.0371033290241864,0.0225947885005782
flat_arithmetic_recombination_25pop_25off_50gen_1000steps,arithmetic_recombination,6,closest_parent,1197,1197,1,0.15081482362500193,0.1714886511661748,0.14004044949281072,0.0,0.266060553380248,0.2066740926390049,0.2222222222222222,0.20225711502523622,0.0,0.3611111111111111,0.4517675478671386,0.56,0.3917188728672663,0.0,0.8571428571428571,0.13951497268982155,0.0,0.22150660689152563,0.0,0.2,0.21120087432787346,0.254181838871188,0.1873247971822803,0.0,0.3891330891330891,0.08249157278226704,0.0,0.1461825991889822,0.0,0.1371965712573732,12.215631375903431,3.788446091980476,12.655184152488845,0.5932651697250071,26.658447345347945,-14.07924788616218,-7.616837031395189,12.62443560650763,-27.629283120855675,-2.0768119110909424,0.0,0.5715081944556015,0.3694193635290964,7.440267335004177,8.543024227234753,1.1027568922305764,0.27490095961203725,0.1189643766208025,0.1268866610971874,0.07119140443701845,0.1332959093386443,0.1703898405966075,0.13329590933864427
flat_arithmetic_recombination_25pop_25off_50gen_1000steps,arithmetic_recombination,6,parent1,1197,1197,1,0.16755761748071657,0.1917823160023758,0.15057809804644956,0.0,0.3070250857701713,0.21358952937900305,0.2222222222222222,0.2021095168857896,0.0,0.3611111111111111,0.47858474525241895,0.6190476190476191,0.4025999278177519,0.0,0.875,0.13985280435597405,0.0,0.22820171368318473,0.0,0.2222222222222222,0.2280999553806359,0.2750731258973016,0.19681400429761767,0.0,0.417989417989418,0.08249157278226704,0.0,0.1461825991889822,0.0,0.1371965712573732,12.215631375903431,3.788446091980476,12.655184152488845,0.5932651697250071,26.658447345347945,-14.325967606066856,-10.058741836076656,12.564255985301829,-27.605710574812772,-2.084519838282908,0.0,0.5915676960080525,0.4104306653442026,7.68922305764411,8.68421052631579,0.9949874686716792,0.3091112427649168,0.13139314568564703,0.12969924812030076,0.08033556112503479,0.14518178332985904,0.21147264621575396,0.145181783329859
flat_arithmetic_recombination_25pop_25off_50gen_1000steps,arithmetic_recombination,6,parent2,1197,1197,1,0.16546410156919028,0.186569210062818,0.1493269476462754,0.0,0.3067721263122733,0.215840527244036,0.2222222222222222,0.20754681698964392,0.0,0.3611111111111111,0.47471389588683416,0.6086956521739131,0.40045663883224414,0.0,0.8666666666666667,0.1359234262005897,0.0,0.22678758631415843,0.0,0.2,0.22724348276561984,0.2750731258973016,0.1962143500200237,0.0,0.4166666666666666,0.08249157278226704,0.0,0.1461825991889822,0.0,0.1371965712573732,12.215631375903431,3.788446091980476,12.655184152488845,0.5932651697250071,26.658447345347945,-14.059343250008638,-7.661478849953266,12.685250843015668,-27.54838679754064,-2.035366603032017,0.0,0.5733044422809705,0.4053026195925656,7.770258980785297,8.791979949874687,1.0217209690893903,0.3022607390177403,0.12850430520282158,0.13028404344193817,0.08101178873108694,0.14692605345861592,0.20143390096397612,0.1469260534586159
flat_arithmetic_recombination_25pop_25off_50gen_1000steps,arithmetic_recombination,7,closest_parent,1150,1150,1,0.09586538335861503,0.0847108371220939,0.11335997091077259,0.0,0.1716088240078763,0.07741545893719805,0.0277777777777777,0.09611622235098755,0.0,0.1388888888888889,0.30110162094557735,0.1111111111111111,0.32782528841869263,0.0,0.5714285714285714,0.0824274107534977,0.0,0.179641991353983,0.0,0.0,0.1303834033721229,0.11336996336996336,0.14441325353742146,0.0,0.22008547008547,0.06830085295653218,0.0,0.136484855208766,0.0,0.0,10.520390594385235,2.729012782212655,11.633042179774613,1.7277957565337134,26.477733881983948,-13.086567689097153,-4.914822181168926,12.314599165686566,-27.366500156860713,-2.015023280977331,0.0,0.5462360373562878,0.2348212732249047,2.7869565217391306,3.220869565217391,0.4339130434782609,0.15297791402970431,0.07233162351998666,0.10010144927536231,0.06512391304347824,0.08408240232345089,0.1029587618973808,0.0840824023234509
flat_arithmetic_recombination_25pop_25off_50gen_1000steps,arithmetic_recombination,7,parent1,1150,1150,1,0.11218842330204783,0.0982092751647982,0.13143080052408176,0.0,0.1755368255458123,0.08618357487922704,0.0555555555555555,0.10439834838832994,0.0,0.1666666666666666,0.3259355811445998,0.2222222222222222,0.34268076730701547,0.0,0.6,0.07965596963423051,0.0,0.17492686800420984,0.0,0.0,0.14596565586606647,0.1159188034188034,0.1572729264023084,0.0,0.2488344988344988,0.06830085295653218,0.0,0.136484855208766,0.0,0.0,10.520390594385235,2.729012782212655,11.633042179774613,1.7277957565337134,26.477733881983948,-13.100823704798808,-5.311163694271727,12.268747285276413,-27.366500156860713,-2.1131285256621926,0.0,0.6066927227003621,0.2748043921373834,3.102608695652174,3.4869565217391303,0.3843478260869565,0.16976900431197106,0.08192510420809651,0.11921739130434782,0.07544106280193236,0.1037590313920237,0.12592055372873787,0.1037590313920237
flat_arithmetic_recombination_25pop_25off_50gen_1000steps,arithmetic_recombination,7,parent2,1150,1150,1,0.11529623129777969,0.0982092751647982,0.13505496687480192,0.0,0.1822101919906031,0.08618357487922704,0.0555555555555555,0.10392812356187046,0.0,0.1666666666666666,0.3246627302698522,0.2222222222222222,0.341396020420197,0.0,0.6,0.07641084760649977,0.0,0.17152149890272872,0.0,0.0,0.14831534792210105,0.1159188034188034,0.1600228719102756,0.0,0.2491737891737891,0.06830085295653218,0.0,0.136484855208766,0.0,0.0,10.520390594385235,2.729012782212655,11.633042179774613,1.7277957565337134,26.477733881983948,-12.884307541535648,-5.03127080330378,12.229083036170675,-27.133651585255258,-2.0152568864379483,0.0,0.5800060910989058,0.2824169359454682,3.102608695652174,3.4747826086956524,0.37217391304347824,0.17070485354372822,0.08634658554006377,0.12034782608695653,0.08123043478260868,0.10182099315858906,0.13035615194694478,0.10182099315858906
flat_arithmetic_recombination_25pop_25off_50gen_1000steps,arithmetic_recombination,8,closest_parent,1205,1205,1,0.16628145800057598,0.1524193087724276,0.15393163229020376,0.0,0.2695464341810953,0.12674043337943752,0.1111111111111111,0.12786474354796412,0.0,0.1944444444444444,0.48008459207138576,0.6363636363636364,0.36429198596646445,0.0,0.8,0.23786347402224875,0.1666666666666666,0.261846339569891,0.0,0.5,0.22002752777930962,0.2421090970433075,0.17742636586084165,0.0,0.3771853146853146,0.07747886914347646,0.0,0.10833403291873683,0.0,0.1313235010312437,16.24703675383522,3.729168154073244,19.719726140733975,1.2873575498072696,32.00721195744257,-23.09199515709202,-24.150417034546177,19.173877296759997,-39.92320254843499,-2.9320648940178344,0.0,0.4765596012021397,0.4073047257874427,4.562655601659751,6.005809128630705,1.4431535269709543,0.2757408019229644,0.10353685759415542,0.17059474412171508,0.10301913324112492,0.1319997494160798,0.22229416780978897,0.1319997494160798
flat_arithmetic_recombination_25pop_25off_50gen_1000steps,arithmetic_recombination,8,parent1,1205,1205,1,0.1848160847016634,0.1702320239767248,0.16271978446316088,0.0,0.3152757402646868,0.14013370216689716,0.1111111111111111,0.1383451321782793,0.0,0.2222222222222222,0.5041575612884488,0.6363636363636364,0.3632297136672493,0.0,0.8181818181818182,0.25483652632725123,0.25,0.2619139428267035,0.0,0.5,0.2385176824962936,0.2650201367458452,0.18272512513838554,0.0,0.3907491201608849,0.07747886914347646,0.0,0.10833403291873683,0.0,0.1313235010312437,16.24703675383522,3.729168154073244,19.719726140733975,1.2873575498072696,32.00721195744257,-22.922756499731367,-24.108305592517063,19.044092856966643,-38.32196643258382,-3.453562349916212,0.0,0.6241667492513516,0.4527051037780716,5.044813278008299,6.551867219917012,1.5070539419087137,0.2982699388928082,0.11424786705624075,0.19767634854771785,0.11065629322268325,0.14883513914292226,0.24764419515884,0.14883513914292226
flat_arithmetic_recombination_25pop_25off_50gen_1000steps,arithmetic_recombination,8,parent2,1205,1205,1,0.18257201787660696,0.1667172357855929,0.16352675055508925,0.0,0.3152757402646868,0.13905025357307513,0.1388888888888889,0.1353016675726898,0.0,0.2222222222222222,0.5017254788585039,0.6363636363636364,0.36705055341383036,0.0,0.8235294117647058,0.26076427044330386,0.25,0.2615908176277358,0.0,0.5,0.236172880710135,0.2588003663003663,0.18603361190819628,0.0,0.3838869463869463,0.07747886914347646,0.0,0.10833403291873683,0.0,0.1313235010312437,16.24703675383522,3.729168154073244,19.719726140733975,1.2873575498072696,32.00721195744257,-22.627338200053874,-23.74287530194357,19.02768960442691,-38.63093773746626,-2.9320648940178344,0.0,0.6457368706986164,0.4472082851079758,5.005809128630705,6.516182572614108,1.5103734439834025,0.2961383651982431,0.11296755950960226,0.19311203319502074,0.10991678192715534,0.148375072625672,0.24298638937337982,0.148375072625672
flat_arithmetic_recombination_25pop_25off_50gen_1000steps,arithmetic_recombination,9,closest_parent,1128,1128,1,0.16707417504044564,0.16551900231069874,0.1386428328713373,0.0,0.26829794005776825,0.17806836091410558,0.1666666666666666,0.161727773710499,0.0,0.2777777777777778,0.50909283351305,0.6666666666666666,0.3560034610647275,0.0,0.8181818181818182,0.14957265543349713,0.0,0.2029665720324034,0.0,0.3,0.20142873397332964,0.2243589743589743,0.15351664630812642,0.0,0.3241006856391472,0.1427073182063952,0.1396909690874032,0.13276357044899087,0.0,0.2135459010420285,7.762577497132871,2.6230902199096873,9.604207624997136,0.9464922062050082,12.800006557023751,-11.186947086442716,-7.798104538327024,11.026076346981252,-19.437299383302353,-0.9894958940499214,0.0,0.5350423765826432,0.4092464780455329,6.410460992907802,7.382978723404255,0.9725177304964538,0.2955949733675141,0.1357170000948548,0.13795803782505908,0.09529969464144994,0.1169629337761464,0.22094673563779682,0.1169629337761464
flat_arithmetic_recombination_25pop_25off_50gen_1000steps,arithmetic_recombination,9,parent1,1128,1128,1,0.20462750536817337,0.1932174452145486,0.15020470737424024,0.09804246638025776,0.30445657500434187,0.2105250197005516,0.1944444444444444,0.17129558648304466,0.0277777777777777,0.3333333333333333,0.5515566804712442,0.7,0.3458898012838962,0.0909090909090909,0.8333333333333334,0.1526893667479556,0.0,0.2049912406688973,0.0,0.3,0.23602594763718754,0.2517835313253865,0.16035173981268255,0.1163752913752914,0.3534129657163654,0.1427073182063952,0.1396909690874032,0.13276357044899087,0.0,0.2135459010420285,7.762577497132871,2.6230902199096873,9.604207624997136,0.9464922062050082,12.800006557023751,-11.417583050597822,-8.759828779541191,11.157515041798295,-19.399250267343607,-1.3576432307498538,0.0,0.5582578312277534,0.5012329754906504,7.578900709219858,8.571808510638299,0.9929078014184397,0.347088114524956,0.17276316201071407,0.16514479905437351,0.11860544720252165,0.1352974985318132,0.28658065767569424,0.1352974985318132
flat_arithmetic_recombination_25pop_25off_50gen_1000steps,arithmetic_recombination,9,parent2,1128,1128,1,0.20436575980450758,0.19362400952051578,0.15131642969763487,0.10314261151165308,0.3099482893237375,0.20350669818754924,0.1944444444444444,0.17113770651278223,0.0277777777777777,0.3333333333333333,0.5430517095909556,0.6842105263157895,0.34529068570460464,0.0909090909090909,0.8333333333333334,0.14757822008682459,0.0,0.19952833812350362,0.0,0.2857142857142857,0.23409490992814214,0.2516483516483516,0.16075654057085634,0.1163752913752914,0.357579593038252,0.1427073182063952,0.1396909690874032,0.13276357044899087,0.0,0.2135459010420285,7.762577497132871,2.6230902199096873,9.604207624997136,0.9464922062050082,12.800006557023751,-10.92583898404843,-7.856137720730885,10.923573561191736,-19.08686090215979,-1.0300210039245339,0.0,0.5567617368555123,0.500591832417232,7.326241134751773,8.28368794326241,0.9574468085106383,0.3424919715579671,0.16877481363732025,0.1636672576832151,0.11578235815602833,0.13804609752983582,0.2846821690225863,0.13804609752983582
flat_arithmetic_recombination_25pop_25off_50gen_1000steps,arithmetic_recombination,10,closest_parent,1192,1192,1,0.10722494233707093,0.08714845151317314,0.12062665240062323,0.0,0.17187619297006668,0.14273396718866518,0.1111111111111111,0.15085513198286374,0.0,0.25,0.42659836940534085,0.4736842105263157,0.3466337888052642,0.0,0.7234848484848485,0.26079562230001435,0.2857142857142857,0.23688032063491396,0.0,0.4615384615384615,0.17574912221014782,0.16325444707797648,0.16865192066673887,0.0,0.307459130375797,0.02280788116491494,0.0,0.06906622348112229,0.0,0.0,30.194059555362504,15.57578507961864,29.99979720753217,2.545989077981961,67.04534202653704,-38.425345886917725,-39.60781859544575,31.657284314497833,-73.6154862007074,-5.536691769762182,0.0,0.4845522263471236,0.26264639642517296,5.1384228187919465,7.853187919463087,2.714765100671141,0.22729044440752386,0.07416564888100512,0.08790548098434005,0.06656716070096941,0.06643261886919744,0.11660773627006847,0.06643261886919744
flat_arithmetic_recombination_25pop_25off_50gen_1000steps,arithmetic_recombination,10,parent1,1192,1192,1,0.11201777355655143,0.0895901628936458,0.12332052252242758,0.0,0.17992642887456392,0.1445283370618941,0.1111111111111111,0.1501426642409849,0.0,0.25,0.4367453957657267,0.4736842105263157,0.3441828830854866,0.0,0.7368421052631579,0.26739877309811416,0.3125,0.23513719444816494,0.0,0.5,0.18152306892236625,0.17445596211857523,0.17066152788821243,0.0,0.31301823176823174,0.02280788116491494,0.0,0.06906622348112229,0.0,0.0,30.194059555362504,15.57578507961864,29.99979720753217,2.545989077981961,67.04534202653704,-38.36755595247533,-39.09264248798394,31.743047707361477,-73.70774630442492,-5.604686722593378,0.0,0.4845522263471236,0.2743863873361815,5.203020134228188,8.00503355704698,2.802013422818792,0.23156417227569323,0.07612655337258367,0.09049217002237137,0.06980867822520506,0.07341764635259382,0.12367496294719446,0.07341764635259382
flat_arithmetic_recombination_25pop_25off_50gen_1000steps,arithmetic_recombination,10,parent2,1192,1192,1,0.11320744883127383,0.0895901628936458,0.12538577039504656,0.0,0.1792536227132932,0.146136278896346,0.1111111111111111,0.15136853056479857,0.0,0.25,0.4425840127799685,0.4891304347826087,0.34447353010597587,0.0,0.7626050420168067,0.2773195648935878,0.3333333333333333,0.23946111535640213,0.0,0.5,0.18403309114472394,0.177497064900911,0.172338293346133,0.0,0.3197236767816923,0.02280788116491494,0.0,0.06906622348112229,0.0,0.0,30.194059555362504,15.57578507961864,29.99979720753217,2.545989077981961,67.04534202653704,-37.751072020257176,-38.72892515490312,31.84577751623377,-72.76027298988188,-5.539050837144164,0.0,0.5352805732912662,0.27730048471885677,5.260906040268456,8.166107382550335,2.905201342281879,0.235771644509267,0.07834961594028127,0.09105145413870246,0.06899771625652497,0.07660809720856376,0.12316850631657676,0.07660809720856376
flat_homologous_gene_block_recombination_25pop_25off_50gen_1000steps,homologous_gene_block_recombination,1,closest_parent,1196,1196,1,0.11054138218803507,0.1132137275617087,0.09820959538524207,0.0,0.18967580101369996,0.17263563730955034,0.1666666666666666,0.16480162176312008,0.0,0.3055555555555556,0.4347676684251033,0.5477272727272727,0.3455991532843636,0.0,0.75,0.23500100606816618,0.2,0.23457196613086448,0.0,0.4285714285714285,0.17764278224791658,0.19652014652014643,0.1525226910309948,0.0,0.30689814387293374,0.07228663998464385,0.0,0.09930175868734427,0.0,0.154492812470439,19.652341689132786,4.54609468776901,25.049724426164342,1.1246378585576713,30.60918932630872,-27.961704625989146,-21.592646866798667,24.75733473897376,-53.88600832181282,-5.322157270753983,0.0,0.4737827345774811,0.27076998182266704,6.214882943143813,8.635451505016722,2.42056856187291,0.15488929915234498,0.10267245179820103,0.09487179487179487,0.06812198067632848,0.11765229184697097,0.08679631222925692,0.11765229184697097
flat_homologous_gene_block_recombination_25pop_25off_50gen_1000steps,homologous_gene_block_recombination,1,parent1,1196,1196,1,0.12648363471038798,0.1362514955114823,0.10715129332339365,0.0,0.20262097379791782,0.1873374210330732,0.1944444444444444,0.16746161878183405,0.0,0.3333333333333333,0.4600996176561791,0.6,0.3446952504789028,0.0,0.7619047619047619,0.24651343919431168,0.2307692307692307,0.2317846723439481,0.0,0.4285714285714285,0.19685913614959116,0.2323163678426836,0.15925017809324216,0.0,0.3241550116550116,0.07228663998464385,0.0,0.09930175868734427,0.0,0.154492812470439,19.652341689132786,4.54609468776901,25.049724426164342,1.1246378585576713,30.60918932630872,-27.77079077374085,-20.006429314550665,25.07374664379752,-53.76411309643043,-5.084773804224447,0.0,0.5125733913123871,0.30982036585302974,6.7441471571906355,9.195652173913043,2.451505016722408,0.17097161920364512,0.11947153768765652,0.10735785953177256,0.07929092344853213,0.13615605466145864,0.1019561407879149,0.13615605466145864
flat_homologous_gene_block_recombination_25pop_25off_50gen_1000steps,homologous_gene_block_recombination,1,parent2,1196,1196,1,0.1289549618360482,0.1392885504434254,0.10750632639866069,0.0,0.2050748664327944,0.19388703084355258,0.1944444444444444,0.1691059237543023,0.0,0.3333333333333333,0.4722846078034974,0.6190476190476191,0.3477815719760479,0.0,0.7701048951048951,0.2601554056557253,0.25,0.23834618888245968,0.0,0.4444444444444444,0.20148738602119504,0.2374122405372405,0.15983582239116034,0.0,0.3300201106083459,0.07228663998464385,0.0,0.09930175868734427,0.0,0.154492812470439,19.652341689132786,4.54609468776901,25.049724426164342,1.1246378585576713,30.60918932630872,-27.539564286626163,-20.659726130957605,25.158707406989823,-53.98067643106998,-4.7024267201811885,0.0,0.5364548991036125,0.3158738562983963,6.9799331103678925,9.517558528428093,2.5376254180602005,0.17514282343089843,0.11825278212160321,0.10989409141583052,0.08072788926049793,0.13767135683684828,0.10568064378301287,0.13767135683684828
flat_homologous_gene_block_recombination_25pop_25off_50gen_1000steps,homologous_gene_block_recombination,2,closest_parent,1209,1209,1,0.11229766705004364,0.1000468636385211,0.11004981606310407,0.0,0.2039309708790794,0.1554085102472199,0.1388888888888889,0.15869769794570926,0.0,0.2777777777777778,0.42975417953710054,0.5555555555555556,0.37147040216469923,0.0,0.7692307692307693,0.25472774170044643,0.25,0.25504076155019056,0.0,0.4615384615384615,0.1814417481609183,0.1977909270216962,0.16995088107247527,0.0,0.3309230299614914,0.046150818445018796,0.0,0.11066083305285702,0.0,0.0,27.209298368985813,4.23387383638105,30.98442843019378,0.8757377940342113,57.01152641403129,-37.339244538232684,-24.410833829040087,31.54685007933383,-72.83597966928522,-4.550470387354512,0.0,0.5043893021235566,0.2750719835775624,5.594706368899917,7.836228287841191,2.241521918941274,0.1557621953164784,0.10425250691837513,0.10049627791563276,0.10407935851484235,0.10190344090392343,0.09868434192620441,0.1019034409039234
flat_homologous_gene_block_recombination_25pop_25off_50gen_1000steps,homologous_gene_block_recombination,2,parent1,1209,1209,1,0.12236474925161822,0.1043849615539479,0.12322215626390212,0.0,0.2170324750971426,0.16101461262751585,0.1388888888888889,0.16242328368161957,0.0,0.2777777777777778,0.4381453096979372,0.5714285714285714,0.3755482867082765,0.0,0.7894736842105263,0.25261302202989544,0.2307692307692307,0.25506046879864186,0.0,0.5,0.189463158750143,0.2126063679909833,0.1768868304409503,0.0,0.3451770451770451,0.046150818445018796,0.0,0.11066083305285702,0.0,0.0,27.209298368985813,4.23387383638105,30.98442843019378,0.8757377940342113,57.01152641403129,-36.8361713870221,-22.83220328394767,31.726075816388473,-72.83597966928522,-4.467391301447009,0.0,0.5658490834004994,0.29973119817007443,5.79652605459057,7.9396195202646815,2.1430934656741107,0.172999045221425,0.10616197771788419,0.10913978494623655,0.10833677970774742,0.11285326907729246,0.11638207307270215,0.1128532690772924
flat_homologous_gene_block_recombination_25pop_25off_50gen_1000steps,homologous_gene_block_recombination,2,parent2,1209,1209,1,0.12518166958781293,0.1133546505070898,0.12328036757162945,0.0,0.2224535832658556,0.16126734675121773,0.1388888888888889,0.16204046057049132,0.0,0.2777777777777778,0.4420749090292018,0.5909090909090909,0.37523264374454574,0.0,0.7894736842105263,0.24924754381403047,0.2307692307692307,0.2532945911795567,0.0,0.4545454545454545,0.1916484041667324,0.2203390626467549,0.17751038374934833,0.0,0.3447567389875082,0.046150818445018796,0.0,0.11066083305285702,0.0,0.0,27.209298368985813,4.23387383638105,30.98442843019378,0.8757377940342113,57.01152641403129,-36.53058172524856,-23.239906731517586,31.778470840713233,-72.91476060989223,-4.07363086388628,0.0,0.5587188476790633,0.30663121563982076,5.805624483043838,7.924731182795699,2.119106699751861,0.1807670202990419,0.1080072168016964,0.10915357044389302,0.1099781729620439,0.1137081299367872,0.12230288740652188,0.11370812993678718
flat_homologous_gene_block_recombination_25pop_25off_50gen_1000steps,homologous_gene_block_recombination,3,closest_parent,1182,1182,1,0.1329095122036945,0.132135111074745,0.12274495450474947,0.0,0.2232749074344614,0.22781537883060726,0.2222222222222222,0.21139193937300338,0.0,0.4166666666666667,0.47568008062441625,0.5714285714285714,0.38032192148774985,0.0,0.8383333333333334,0.2547499231317849,0.2142857142857142,0.2537367686289242,0.0,0.4444444444444444,0.20253618512857371,0.2229319291819292,0.1743811199411093,0.0,0.3556314647974347,0.054143547525679306,0.0,0.08903492076379903,0.0,0.0972446519504849,29.994659649049066,7.336704441223503,33.3225481858501,1.5707269699590722,71.43407395083918,-37.7486605117406,-25.946408047022615,34.04362138216692,-75.12434871002448,-5.442252125224776,0.0,0.5657464776854748,0.3255604868612654,8.201353637901862,10.318950930626057,2.1175972927241964,0.23661913403089466,0.13747651503720978,0.11192893401015228,0.09136397819138932,0.08782095252536366,0.11219368959827618,0.08782095252536365
flat_homologous_gene_block_recombination_25pop_25off_50gen_1000steps,homologous_gene_block_recombination,3,parent1,1182,1182,1,0.14438896909923155,0.1524530959109022,0.12468150898172219,0.0,0.2368369199785694,0.23864918217710093,0.2222222222222222,0.21020207803152452,0.0,0.4166666666666667,0.49673019270629,0.625,0.3726881442770569,0.0,0.841578947368421,0.26646441093767487,0.2352941176470588,0.2519598765384856,0.0,0.5,0.21578845637823688,0.2395795177045176,0.17347007241326665,0.0,0.3651518793706293,0.054143547525679306,0.0,0.08903492076379903,0.0,0.0972446519504849,29.994659649049066,7.336704441223503,33.3225481858501,1.5707269699590722,71.43407395083918,-37.68654253442631,-25.831238135128974,34.29642239146725,-75.16752501533583,-5.310577607687189,0.0,0.5657464776854748,0.3536792987796049,8.591370558375635,10.825719120135364,2.234348561759729,0.2529695177049002,0.14668537222031114,0.1277636773829667,0.09601945854483922,0.09691959069368952,0.1199852395460668,0.09691959069368951
flat_homologous_gene_block_recombination_25pop_25off_50gen_1000steps,homologous_gene_block_recombination,3,parent2,1182,1182,1,0.14665312054897528,0.15307796487407838,0.12918371780752222,0.0,0.2417638443725368,0.23843767625493512,0.2222222222222222,0.21105681779789945,0.0,0.4166666666666667,0.49306852677473745,0.6172161172161172,0.3775211865922594,0.0,0.8461538461538461,0.2632317931730416,0.22649572649572647,0.25204106309086044,0.0,0.4615384615384615,0.2161966539925191,0.2344824503731386,0.17731169705878463,0.0,0.3711379044742856,0.054143547525679306,0.0,0.08903492076379903,0.0,0.0972446519504849,29.994659649049066,7.336704441223503,33.3225481858501,1.5707269699590722,71.43407395083918,-37.19181364928474,-24.909064713925982,34.2391857489642,-75.1587985479728,-5.050283751538382,0.0,0.5657464776854748,0.3592253145318599,8.583756345177665,10.750423011844331,2.1666666666666665,0.25853982028010575,0.15242660677879055,0.12805978567399887,0.10000705019740548,0.09596216955036181,0.12270022187250028,0.0959621695503618
flat_homologous_gene_block_recombination_25pop_25off_50gen_1000steps,homologous_gene_block_recombination,4,closest_parent,1214,1214,1,0.159540801936845,0.1611749554215668,0.1464566052330998,0.0,0.2808755822093292,0.10131795716639208,0.0833333333333333,0.1249634027313687,0.0,0.1388888888888889,0.4245560841701137,0.5,0.36134269063534186,0.0,0.75,0.19723789430519734,0.0,0.25960237018203997,0.0,0.4444444444444444,0.21874028441098098,0.2315857753357753,0.19598759654762746,0.0,0.3988034188034188,0.06127021599946087,0.0,0.12258888651381217,0.0,0.0,24.589512760453115,5.051217988049787,27.08730283546752,1.6607326328287908,57.485041199499605,-34.18156467529189,-18.546026973076614,28.160442326603057,-65.84673688680958,-10.402108924256064,0.0,0.4909589283780889,0.3907935578997045,3.647446457990115,4.775123558484349,1.1276771004942339,0.20905149728738542,0.085283831996855,0.20001372872048326,0.1216369211056196,0.140454850008682,0.18516570102540159,0.140454850008682
flat_homologous_gene_block_recombination_25pop_25off_50gen_1000steps,homologous_gene_block_recombination,4,parent1,1214,1214,1,0.17180991932695033,0.18572517819709886,0.15329570616445498,0.0,0.3116844954228185,0.10413234486545853,0.0833333333333333,0.12552990661931415,0.0,0.1388888888888889,0.4306242625637621,0.5,0.3615220080778523,0.0,0.75,0.19276281193407752,0.0,0.25442403174109834,0.0,0.4285714285714285,0.23164783413578616,0.2598290598290598,0.20063201258691207,0.0,0.41076007326007324,0.06127021599946087,0.0,0.12258888651381217,0.0,0.0,24.589512760453115,5.051217988049787,27.08730283546752,1.6607326328287908,57.485041199499605,-34.23294269200314,-18.535973085339958,28.153748875125505,-65.84673688680958,-10.661654922047587,0.0,0.6380015363300096,0.4208466350997702,3.7487644151565074,4.771004942339374,1.0222405271828665,0.22513457606212484,0.09017653610538935,0.21106534870950028,0.12650352370492401,0.15291388248055487,0.20791549836333728,0.15291388248055487
flat_homologous_gene_block_recombination_25pop_25off_50gen_1000steps,homologous_gene_block_recombination,4,parent2,1214,1214,1,0.1757272385718324,0.1919415634666141,0.15527806179375817,0.0,0.3191423692521127,0.10982976386600768,0.0833333333333333,0.1337494479369149,0.0,0.1666666666666666,0.44204003047024243,0.5,0.3674412108409399,0.0,0.75,0.20137102461302583,0.0,0.26443647214997745,0.0,0.5,0.2333223496872283,0.27879684418145956,0.20012862025276607,0.0,0.4102638280522895,0.06127021599946087,0.0,0.12258888651381217,0.0,0.0,24.589512760453115,5.051217988049787,27.08730283546752,1.6607326328287908,57.485041199499605,-33.44208624687065,-18.643403109729157,28.401485667647915,-65.251591238573,-10.150062260705164,0.0,0.5576398919528353,0.43044206840931587,3.9538714991762767,5.0148270181219115,1.0609555189456343,0.23443784886791033,0.09107749901312899,0.21238330587589235,0.12514735493318688,0.15538017296588025,0.21585566134880504,0.15538017296588025
flat_homologous_gene_block_recombination_25pop_25off_50gen_1000steps,homologous_gene_block_recombination,5,closest_parent,1188,1188,1,0.1313168980129217,0.1239925463585302,0.1187619868009048,0.0,0.20895228220965303,0.15308174335952113,0.1388888888888889,0.14894143003286142,0.0,0.25,0.42890489652707536,0.5,0.3604311135775326,0.0,0.7857142857142857,0.16142997268405765,0.0,0.22800676299673056,0.0,0.3333333333333333,0.18772064568739652,0.19467517880979418,0.1611768579258529,0.0,0.3291208791208791,0.11250196617220533,0.0792254061963865,0.12546216472052035,0.0,0.232399464740976,24.18248636591177,6.47794440624418,28.10555253297022,1.4683794241734076,52.26628489933698,-36.815008267350805,-36.290290805793774,28.344410984478678,-62.501398952435,-10.120424798685224,0.0,0.494471753303275,0.3216593947367565,5.510942760942761,6.58080808080808,1.0698653198653199,0.20533472923703008,0.11154275205929783,0.12657126823793488,0.0941304246165357,0.1095591807072431,0.1365668886223699,0.1095591807072431
flat_homologous_gene_block_recombination_25pop_25off_50gen_1000steps,homologous_gene_block_recombination,5,parent1,1188,1188,1,0.15893593471307438,0.1566776657552124,0.13518026858393234,0.0,0.24754019112463319,0.1659418256640479,0.1666666666666666,0.1488789125627047,0.0,0.2777777777777778,0.45568379609736787,0.5298245614035088,0.35491507655846094,0.0,0.7900219298245614,0.16440187802338724,0.0,0.22970122464701972,0.0,0.3333333333333333,0.21179960536147288,0.2352035464535464,0.16720562621717291,0.0,0.3457875457875458,0.11250196617220533,0.0792254061963865,0.12546216472052035,0.0,0.232399464740976,24.18248636591177,6.47794440624418,28.10555253297022,1.4683794241734076,52.26628489933698,-36.68080071402852,-36.0313117398006,28.357771772690175,-62.843853591894046,-10.314698293155987,0.0,0.6226247445710547,0.3893119418393326,5.973905723905724,7.014309764309765,1.0404040404040404,0.2292642115016634,0.13520049767911774,0.15507856341189674,0.10986111111111108,0.1276460944262127,0.17907795334822962,0.1276460944262127
flat_homologous_gene_block_recombination_25pop_25off_50gen_1000steps,homologous_gene_block_recombination,5,parent2,1188,1188,1,0.16047336011051916,0.15674440845967125,0.13515763820030055,0.0,0.25084391283760094,0.16774223718668163,0.1666666666666666,0.14971858703087923,0.0,0.2777777777777778,0.4558751911601455,0.5,0.3511620583680264,0.0,0.7866541353383458,0.16141227015595702,0.0,0.22434850847720939,0.0,0.3333333333333333,0.2170827110822901,0.24645146520146516,0.16956413763640615,0.0,0.3523452615760308,0.11250196617220533,0.0792254061963865,0.12546216472052035,0.0,0.232399464740976,24.18248636591177,6.47794440624418,28.10555253297022,1.4683794241734076,52.26628489933698,-36.03590880870954,-35.4080769590401,28.06099907531186,-61.203644412906215,-10.130958108864457,0.0,0.6343944165266311,0.39307784958066794,6.038720538720539,7.065656565656566,1.026936026936027,0.23379071585928338,0.13251742683279677,0.16040965207631872,0.11311915450804337,0.12745391226581898,0.1846149684886316,0.12745391226581898
flat_homologous_gene_block_recombination_25pop_25off_50gen_1000steps,homologous_gene_block_recombination,6,closest_parent,1210,1210,1,0.11920129026243412,0.1277791354079571,0.11155143536511387,0.0,0.20264648797136717,0.17314049586776858,0.1388888888888889,0.1825816561734019,0.0,0.3055555555555556,0.45070900089188687,0.5833333333333334,0.37424438560556617,0.0,0.7982758620689656,0.19962791169773744,0.1666666666666666,0.23038088928738124,0.0,0.375,0.19129892331057866,0.2272221368375214,0.16518224487803826,0.0,0.3299755799755799,0.08957897934053868,0.0,0.12483037270768228,0.0,0.2046838918604975,23.818878424010872,6.118362471205427,27.082932449558033,2.057576691246201,55.378096985107014,-37.8460947750196,-28.330353629696717,26.917341356989024,-58.88273111790604,-21.01962946927057,0.0,0.4799987535136478,0.2919823378243527,6.2330578512396695,7.558677685950413,1.3256198347107437,0.20427466883849774,0.09220940099665696,0.11480716253443525,0.09522015610651972,0.09602461313608422,0.11253652106506927,0.09602461313608421
flat_homologous_gene_block_recombination_25pop_25off_50gen_1000steps,homologous_gene_block_recombination,6,parent1,1210,1210,1,0.13607568118295588,0.1406329854593542,0.12666856094440893,0.0,0.227305404497078,0.17559687786960512,0.1666666666666666,0.17983263009220346,0.0,0.3055555555555556,0.4589385210770379,0.5941176470588235,0.3736514993473781,0.0,0.8,0.20170874121287344,0.1666666666666666,0.23154935476873456,0.0,0.375,0.20264078631415913,0.2384193625002448,0.172310479848284,0.0,0.3501046572475144,0.08957897934053868,0.0,0.12483037270768228,0.0,0.2046838918604975,23.818878424010872,6.118362471205427,27.082932449558033,2.057576691246201,55.378096985107014,-37.71581452957515,-27.867397759494345,27.2128428720699,-58.98512222039338,-20.964783540428755,0.0,0.545157318631616,0.3333159852998843,6.321487603305785,7.578512396694215,1.2570247933884298,0.21495794613536787,0.11803225029925062,0.13312672176308538,0.11424678604224056,0.10348443220447212,0.1278076009952401,0.10348443220447212
flat_homologous_gene_block_recombination_25pop_25off_50gen_1000steps,homologous_gene_block_recombination,6,parent2,1210,1210,1,0.1390419938085488,0.1459325059618188,0.12670840024774174,0.0,0.2298199823147456,0.1844123048668503,0.1666666666666666,0.18735123061104134,0.0,0.3333333333333333,0.47233575783572873,0.6153846153846154,0.37789737552107566,0.0,0.8230042016806722,0.2061658686902399,0.1666666666666666,0.23231899148577256,0.0,0.375,0.2064628384051837,0.2479242979242979,0.17264464397951318,0.0,0.35061813186813184,0.08957897934053868,0.0,0.12483037270768228,0.0,0.2046838918604975,23.818878424010872,6.118362471205427,27.082932449558033,2.057576691246201,55.378096985107014,-36.1530679532669,-26.45989712159706,27.060792263259145,-58.28366342180863,-19.588821632538746,0.0,0.5866221223268794,0.3405819376501625,6.638842975206612,7.901652892561984,1.262809917355372,0.2208475132050996,0.11532108145156961,0.13756198347107437,0.11359366391184572,0.10620611407278396,0.13473109471190478,0.10620611407278395
flat_homologous_gene_block_recombination_25pop_25off_50gen_1000steps,homologous_gene_block_recombination,7,closest_parent,1134,1134,1,0.12824631989903354,0.09903322970816075,0.13568872684457392,0.0,0.21981171612425335,0.18246619635508524,0.1388888888888889,0.19261996234487475,0.0,0.3333333333333333,0.4388683771556436,0.5,0.37350506705655456,0.0,0.8095238095238095,0.2402138055379519,0.2,0.25252443974019306,0.0,0.4444444444444444,0.18857903357434622,0.1862179487179487,0.17849150232334485,0.0,0.3346575913402836,0.1063790563966447,0.0,0.1422442827081065,0.0,0.2047904027725359,23.88449070140768,5.08794090371073,27.385139398686352,1.0914394844410116,54.9655285489069,-25.548906419756232,-15.227909352218603,26.56085632971713,-49.98860837916786,-3.9019118838528426,0.0,0.5990810929476944,0.31413804514237287,6.568783068783069,9.011463844797179,2.442680776014109,0.20207987027304752,0.11592061993665771,0.11694591416813638,0.08785910248873209,0.11743583825750978,0.0980034061256316,0.11743583825750978
flat_homologous_gene_block_recombination_25pop_25off_50gen_1000steps,homologous_gene_block_recombination,7,parent1,1134,1134,1,0.15310047357394424,0.12451128825419365,0.14838682589365604,0.0,0.2594695467882048,0.1943464628649814,0.1388888888888889,0.19287739868723833,0.0,0.3611111111111111,0.4673463586474008,0.5638586956521738,0.36716170158953537,0.0,0.8181818181818182,0.24595200187837102,0.2307692307692307,0.25078581733350824,0.0,0.4444444444444444,0.21142831593003938,0.2069307770917302,0.18373552605995824,0.0,0.35977538665038666,0.1063790563966447,0.0,0.1422442827081065,0.0,0.2047904027725359,23.88449070140768,5.08794090371073,27.385139398686352,1.0914394844410116,54.9655285489069,-25.27382528598439,-15.063739268507863,26.721658401116656,-49.70983226030147,-4.203390703262133,0.0,0.5990810929476944,0.37501803963462343,6.99647266313933,9.40652557319224,2.4100529100529102,0.23932847949490968,0.12903655524455865,0.14101998824221046,0.10072653341171858,0.1286024056989321,0.14556059981377767,0.1286024056989321
flat_homologous_gene_block_recombination_25pop_25off_50gen_1000steps,homologous_gene_block_recombination,7,parent2,1134,1134,1,0.1532966525903508,0.12457036372260791,0.15144971838203075,0.0,0.25641243295667276,0.20032333921222809,0.1666666666666666,0.19775327527315834,0.0,0.3611111111111111,0.4707436061774158,0.5779352226720648,0.37352616928702975,0.0,0.8333333333333334,0.25039843838420756,0.2307692307692307,0.2591470114243027,0.0,0.4653846153846154,0.21112536538538287,0.21052350427350425,0.18425809913344685,0.0,0.362944532570113,0.1063790563966447,0.0,0.1422442827081065,0.0,0.2047904027725359,23.88449070140768,5.08794090371073,27.385139398686352,1.0914394844410116,54.9655285489069,-24.961679241851233,-14.846094916250987,26.774281948576192,-47.384669988839704,-3.6134005158800795,0.0,0.6048010550802929,0.37549857812306064,7.211640211640212,9.655202821869489,2.443562610229277,0.2441462790262599,0.12671264958803902,0.13847736625514404,0.09762664119145598,0.13153588547028383,0.14301732373330894,0.13153588547028383
flat_homologous_gene_block_recombination_25pop_25off_50gen_1000steps,homologous_gene_block_recombination,8,closest_parent,1201,1201,1,0.10927703427177228,0.0922138891954147,0.11888826487594253,0.0,0.1893466877999501,0.14832546951614395,0.1111111111111111,0.1668696829644348,0.0,0.25,0.4278423250341643,0.4666666666666667,0.378423074801563,0.0,0.8125,0.21904636768785066,0.1428571428571428,0.2455728715654474,0.0,0.4,0.16220512585203184,0.1564102564102564,0.15696862352231117,0.0,0.3021766694843618,0.08333805251740509,0.0596870134073067,0.11042323123722989,0.0,0.1314277827442485,18.815649069294132,4.488954774561829,22.50644211372309,1.3631229802572515,45.43640199053016,-20.07418205396485,-13.134351869673926,20.09385106460294,-32.62891274068942,-3.2541023134735525,0.0,0.5007260674762257,0.267672974570472,5.339716902581182,6.885095753538717,1.5453788509575355,0.18149303234799385,0.07255683050865537,0.1021648626144879,0.06907993338884261,0.09203348631991658,0.12654160629290356,0.09203348631991658
flat_homologous_gene_block_recombination_25pop_25off_50gen_1000steps,homologous_gene_block_recombination,8,parent1,1201,1201,1,0.12711372722321032,0.1046094770523896,0.13113672207866492,0.0,0.2052587141398535,0.1601674530483856,0.1111111111111111,0.16864640858459404,0.0,0.2777777777777778,0.45292305245805925,0.5,0.3743807732605998,0.0,0.8260869565217391,0.22108085600460375,0.2,0.24027183173397282,0.0,0.4,0.18040354133265032,0.1767067852782138,0.16250653345164043,0.0,0.3212454212454212,0.08333805251740509,0.0596870134073067,0.11042323123722989,0.0,0.1314277827442485,18.815649069294132,4.488954774561829,22.50644211372309,1.3631229802572515,45.43640199053016,-19.88054496538849,-12.377573385875795,20.237476744075128,-32.618398154070654,-3.182686724767315,0.0,0.5668788048879351,0.31136377100019247,5.766028309741881,7.294754371357202,1.5287260616153207,0.20175825080432574,0.0818834324744151,0.12910074937552038,0.0790935794245536,0.1051767595949428,0.14853382078524052,0.1051767595949428
flat_homologous_gene_block_recombination_25pop_25off_50gen_1000steps,homologous_gene_block_recombination,8,parent2,1201,1201,1,0.13301187992408695,0.1089193551483203,0.13496166354762035,0.0,0.2125952945369658,0.16835507447497455,0.1388888888888889,0.17817775164478716,0.0,0.2777777777777778,0.46482873171646494,0.5625,0.37439293385424094,0.0,0.8333333333333334,0.2254006678860967,0.2,0.24002748678685987,0.0,0.4,0.18799798618972993,0.1785547785547785,0.16653739117112992,0.0,0.330509768009768,0.08333805251740509,0.0596870134073067,0.11042323123722989,0.0,0.1314277827442485,18.815649069294132,4.488954774561829,22.50644211372309,1.3631229802572515,45.43640199053016,-19.479832047862207,-11.991250849375888,20.250997091070424,-32.33928711966306,-3.132074943366135,0.0,0.5960003937110873,0.32581123554235875,6.060782681099084,7.576186511240633,1.5154038301415487,0.21453529884054445,0.08483361102648752,0.136330835414932,0.08067420667961882,0.1105935889661069,0.1590995887584708,0.1105935889661069
flat_homologous_gene_block_recombination_25pop_25off_50gen_1000steps,homologous_gene_block_recombination,9,closest_parent,1220,1220,1,0.0885734150029153,0.08900297965966494,0.08583481992487008,0.0,0.1482119043329012,0.11908014571948998,0.0833333333333333,0.13402595547883547,0.0,0.1944444444444444,0.3617963672302376,0.3529411764705882,0.3189577094081793,0.0,0.6428571428571429,0.15555164914374173,0.0909090909090909,0.18033895536304007,0.0,0.2857142857142857,0.11524689025587415,0.09673659673659671,0.1166024206065076,0.0,0.2101961428884505,0.05701338870837563,0.0,0.08058020481747147,0.0,0.0773069816286183,34.58769375313207,32.90632838426248,28.81251161505075,4.065862073853774,57.62278362656898,-37.72929089201731,-30.11435622271943,28.44118606626502,-61.04817976722721,-15.21918367519336,0.0,0.4536500577598528,0.2169596715329187,4.286885245901639,5.586885245901639,1.3,0.13748728534215157,0.06505671640067001,0.09431693989071038,0.06332490892531874,0.041020854935536866,0.10366877202942774,0.041020854935536866
flat_homologous_gene_block_recombination_25pop_25off_50gen_1000steps,homologous_gene_block_recombination,9,parent1,1220,1220,1,0.10280378028450057,0.1037379582280046,0.09366569578546945,0.0,0.1578208079037977,0.1274590163934426,0.1111111111111111,0.13475036169859878,0.0,0.1944444444444444,0.3891067229110709,0.4,0.31571720546189014,0.0,0.6666666666666666,0.16882274601536895,0.125,0.18126050451131426,0.0,0.3,0.128345088877332,0.1117216117216117,0.12485237916863064,0.0,0.21607142857142855,0.05701338870837563,0.0,0.08058020481747147,0.0,0.0773069816286183,34.58769375313207,32.90632838426248,28.81251161505075,4.065862073853774,57.62278362656898,-37.380302358141996,-30.078389177442062,29.016096988151986,-62.03548924558031,-13.301968026454183,0.0,0.5012202188848032,0.2518168053262197,4.588524590163934,5.969672131147541,1.3811475409836065,0.15025316386657575,0.07208644841926519,0.10775956284153006,0.07270013661202183,0.049166118270257665,0.12727899604948784,0.04916611827025767
flat_homologous_gene_block_recombination_25pop_25off_50gen_1000steps,homologous_gene_block_recombination,9,parent2,1220,1220,1,0.10451825309172705,0.10564717360511625,0.09496312553538842,0.0,0.1578208079037977,0.12748178506375224,0.0833333333333333,0.13470300004506436,0.0,0.1944444444444444,0.3885568173427694,0.3867521367521367,0.3093868870835419,0.0,0.6666666666666666,0.16563622986356832,0.125,0.1761763040495673,0.0,0.2727272727272727,0.12910103641330228,0.1062576312576312,0.12566002067133863,0.0,0.2135150106303952,0.05701338870837563,0.0,0.08058020481747147,0.0,0.0773069816286183,34.58769375313207,32.90632838426248,28.81251161505075,4.065862073853774,57.62278362656898,-37.12549698912667,-30.138728016935147,28.603087552681,-60.48360229290528,-14.117883257300026,0.0,0.5373594179252114,0.25601638888180167,4.589344262295082,5.979508196721311,1.3901639344262295,0.14587834444295553,0.07329566642919524,0.11135245901639344,0.07257832422586519,0.049970204632234685,0.13043990845220352,0.049970204632234685
flat_homologous_gene_block_recombination_25pop_25off_50gen_1000steps,homologous_gene_block_recombination,10,closest_parent,1209,1209,1,0.13508842480781594,0.1377870123450503,0.13697712304995835,0.0,0.2613178850309275,0.09562540207701496,0.0277777777777777,0.12308083844459668,0.0,0.1666666666666666,0.3663453566976884,0.3333333333333333,0.3501521067762998,0.0,0.7142857142857143,0.10025145213803804,0.0,0.17975480483914164,0.0,0.25,0.18174469102485014,0.174196047008547,0.18364758670436748,0.0,0.3272189349112425,0.09181267734375584,0.0,0.13898683224738942,0.0,0.1443375672974064,16.65345538709333,3.984119229232921,21.731576830320666,1.4318065895288088,35.37544796787964,-23.38371260183267,-17.10277809834175,22.21690962294639,-46.83698260522999,-2.986832513083492,0.0,0.5412460834970694,0.33089771093548176,3.442514474772539,3.9214226633581473,0.47890818858560796,0.22858117566103284,0.08432576584538715,0.10667218086572923,0.07842569616763163,0.1392882719344029,0.18382453334784532,0.1392882719344029
flat_homologous_gene_block_recombination_25pop_25off_50gen_1000steps,homologous_gene_block_recombination,10,parent1,1209,1209,1,0.16020056785539322,0.1643198977804707,0.1526358435703002,0.0,0.287558166875025,0.10364396654719234,0.0555555555555555,0.12482982321887875,0.0,0.1944444444444444,0.39866201611194624,0.5,0.3550828568134934,0.0,0.75,0.10641191239279109,0.0,0.18061651284269872,0.0,0.25,0.20163718797646565,0.2072649572649572,0.19151763039362693,0.0,0.3547008547008546,0.09181267734375584,0.0,0.13898683224738942,0.0,0.1443375672974064,16.65345538709333,3.984119229232921,21.731576830320666,1.4318065895288088,35.37544796787964,-22.306961200851152,-14.3281711137384,22.06273578976642,-46.37737407757416,-2.687808639837982,0.0,0.5951190357119043,0.39240964774982623,3.7311827956989245,4.177005789909016,0.445822994210091,0.25622818252294494,0.10560621590918809,0.12426247587537909,0.09221670802315962,0.15863275503100827,0.22237182834675323,0.15863275503100827
flat_homologous_gene_block_recombination_25pop_25off_50gen_1000steps,homologous_gene_block_recombination,10,parent2,1209,1209,1,0.16122079643620177,0.1701034543599429,0.15314929074567687,0.0,0.2816854767625233,0.1017829243635695,0.0555555555555555,0.12708969508709964,0.0,0.1666666666666666,0.39307016377728426,0.5,0.3546337970746857,0.0,0.75,0.10903772268536535,0.0,0.18559128382421702,0.0,0.25,0.20186123038547882,0.2115384615384615,0.19113029565272147,0.0,0.3554778554778555,0.09181267734375584,0.0,0.13898683224738942,0.0,0.1443375672974064,16.65345538709333,3.984119229232921,21.731576830320666,1.4318065895288088,35.37544796787964,-22.16308896972296,-13.952564034658453,21.980896100312936,-45.899222796093845,-2.7294128529728567,0.0,0.610264394785483,0.394908687193811,3.664185277088503,4.124069478908188,0.4598842018196857,0.25932410518259263,0.1041056991978685,0.1289219740832644,0.09281086297215328,0.1594112537852155,0.22492600149645986,0.1594112537852155
flat_promoter_aligned_cut_and_splice_25pop_25off_50gen_1000steps,promoter_aligned_cut_and_splice,1,closest_parent,1160,1160,1,0.19334985075981773,0.19392403738414704,0.10928653060516558,0.125041809206433,0.2555474775613275,0.29765325670498083,0.3055555555555556,0.17366401624869793,0.1666666666666666,0.4166666666666667,0.6993358013636497,0.8,0.281529860412805,0.6470588235294118,0.8888888888888888,0.3369548109995291,0.375,0.2544292216199878,0.0,0.5,0.2622934829634537,0.2718355255855256,0.12636587496010454,0.1982941364191364,0.34501110001109997,0.12948129856657475,0.1511932344078297,0.1148186483436713,0.0,0.1979029186224022,6.850614175228166,1.9187176403689623,15.013954317197708,0.7390516786090816,4.615334359553665,-52.06210222697575,-54.16543288365501,31.72672892758911,-87.43191743092453,-24.002982511889574,0.0,0.494055736906737,0.4736084762048319,10.71551724137931,13.24396551724138,2.5284482758620688,0.27518088022856363,0.2042609911880921,0.1818965517241379,0.16422198275862065,0.1523701186602277,0.15734740962378543,0.1523701186602277
flat_promoter_aligned_cut_and_splice_25pop_25off_50gen_1000steps,promoter_aligned_cut_and_splice,1,parent1,1160,1160,1,0.21985813079182223,0.21604039590419133,0.11015211473464959,0.15772816324857206,0.2776609140902119,0.30756704980842914,0.3055555555555556,0.16505429617326306,0.1944444444444444,0.4166666666666667,0.7246932056127462,0.8,0.2448018517631902,0.6666666666666666,0.8888888888888888,0.34362541600304486,0.3798076923076923,0.24645021672990564,0.0817307692307692,0.5,0.2912882396758024,0.29474553224553224,0.12060765206179655,0.22682748798820218,0.36761363636363636,0.12948129856657475,0.1511932344078297,0.1148186483436713,0.0,0.1979029186224022,6.850614175228166,1.9187176403689623,15.013954317197708,0.7390516786090816,4.615334359553665,-52.30247894918734,-54.24104756002379,31.534078827716833,-86.98911060068043,-24.48039635821538,0.0,0.5870924731389945,0.5385402362420509,11.072413793103449,13.604310344827587,2.531896551724138,0.3059538506967154,0.22207889882551238,0.2025574712643678,0.18069971264367812,0.18951516282492864,0.19203975989803226,0.18951516282492864
flat_promoter_aligned_cut_and_splice_25pop_25off_50gen_1000steps,promoter_aligned_cut_and_splice,1,parent2,1160,1160,1,0.2213285617401333,0.21906418977269526,0.11308831940542971,0.15902115577156725,0.28598001548419233,0.3184865900383142,0.3333333333333333,0.16710634193129692,0.2222222222222222,0.4444444444444444,0.741183114017141,0.8260869565217391,0.25488005507722034,0.7142857142857143,0.9008064516129032,0.36329422901304237,0.4,0.25931315150881157,0.0702380952380952,0.5555555555555556,0.2942168306650633,0.30299159174159174,0.12855056727165556,0.22850593272468273,0.3782051282051281,0.12948129856657475,0.1511932344078297,0.1148186483436713,0.0,0.1979029186224022,6.850614175228166,1.9187176403689623,15.013954317197708,0.7390516786090816,4.615334359553665,-50.41145379784921,-53.36976895818404,31.306335143197582,-82.88652415781198,-24.11456718121231,0.0,0.5425446943527975,0.54214204176741,11.46551724137931,14.072413793103449,2.606896551724138,0.3087092417635528,0.22056274175179952,0.2095545977011494,0.17876843869731798,0.1902766312630478,0.19226692018984773,0.1902766312630478
flat_promoter_aligned_cut_and_splice_25pop_25off_50gen_1000steps,promoter_aligned_cut_and_splice,2,closest_parent,1061,1061,1,0.16457606805722003,0.1493241289762219,0.11293377815502108,0.1061221713871853,0.2100340041778108,0.1771127866792334,0.1388888888888889,0.13251680794304424,0.0833333333333333,0.25,0.5989006715449771,0.7142857142857143,0.3000113676099765,0.4166666666666667,0.8461538461538461,0.3283143572369228,0.3,0.2682134243241925,0.0909090909090909,0.5,0.2592244670340431,0.2792535455996994,0.13637233063366183,0.1858974358974359,0.3451617826617826,0.10767797824309,0.0919736107580341,0.12080083287925737,0.0,0.1436644270255953,6.5193465273512246,2.009939571523311,11.8639297416442,0.7895793471482633,4.543687584450595,-32.34623941628593,-39.94403960302849,19.341852755545478,-48.971343902970446,-11.278399830560504,0.0,0.5105095462283674,0.40312739061374664,6.376060320452403,8.599434495758718,2.223374175306315,0.25087556127941363,0.1114620752612104,0.1952089224002513,0.10963163682060947,0.13732567282367591,0.15086272154659358,0.13732567282367591
flat_promoter_aligned_cut_and_splice_25pop_25off_50gen_1000steps,promoter_aligned_cut_and_splice,2,parent1,1061,1061,1,0.18315064800587222,0.1598234580889211,0.12562038271966872,0.1167195374100803,0.2345243132244049,0.17420672321709077,0.1388888888888889,0.13193621018583446,0.0833333333333333,0.25,0.5897604692103142,0.6923076923076923,0.2923945208202904,0.3846153846153846,0.8333333333333334,0.31326317896708294,0.2857142857142857,0.2558371045209565,0.0909090909090909,0.5,0.2747133895310328,0.2878205128205128,0.14429534348177142,0.1907925407925407,0.3665287093858522,0.10767797824309,0.0919736107580341,0.12080083287925737,0.0,0.1436644270255953,6.5193465273512246,2.009939571523311,11.8639297416442,0.7895793471482633,4.543687584450595,-32.33159975035135,-40.70186470848708,19.46618495218046,-49.12644538582512,-10.537901216278224,0.0,0.6067902804465843,0.44862563367447633,6.2714420358152685,8.380772855796419,2.10933081998115,0.27106327558747284,0.11846341409202917,0.2122525918944392,0.12008534925123047,0.17002226995250133,0.1770447474943788,0.1700222699525013
flat_promoter_aligned_cut_and_splice_25pop_25off_50gen_1000steps,promoter_aligned_cut_and_splice,2,parent2,1061,1061,1,0.1968492905560525,0.1735022232758172,0.12279114710693205,0.1224780016229147,0.2485364955240034,0.2068541208503508,0.1944444444444444,0.13273967570687917,0.1111111111111111,0.2777777777777778,0.6823369651269516,0.8,0.2677928193740399,0.5333333333333333,0.875,0.3809855319044763,0.4,0.2685566674397646,0.1428571428571428,0.6,0.29833151814808934,0.3098739038739038,0.1366105855940726,0.2239076577454504,0.3868131868131868,0.10767797824309,0.0919736107580341,0.12080083287925737,0.0,0.1436644270255953,6.5193465273512246,2.009939571523311,11.8639297416442,0.7895793471482633,4.543687584450595,-31.495429785421088,-39.363568881700125,19.739164275122832,-48.80874994425309,-9.449727250648436,0.0,0.5681429275802015,0.48218031809119616,7.44674835061263,9.927426955702169,2.480678605089538,0.28957009570661063,0.12786506528646926,0.22232170907948476,0.12551654623520783,0.19005720644962862,0.18524049949176075,0.19005720644962862
flat_promoter_aligned_cut_and_splice_25pop_25off_50gen_1000steps,promoter_aligned_cut_and_splice,3,closest_parent,1140,1140,1,0.1982040501470374,0.18904123931226205,0.11625124184998269,0.130721210038708,0.2500700052881165,0.28252923976608185,0.2777777777777778,0.15551909890436857,0.1666666666666666,0.3888888888888889,0.7291197634326424,0.8181818181818182,0.24892032870160127,0.7083333333333334,0.8823529411764706,0.3930244907854082,0.4444444444444444,0.2546894469153649,0.2,0.6,0.29321929021685045,0.301025641025641,0.1313484485442163,0.2269578858641358,0.38134713633195416,0.16891417070426973,0.1350192948727382,0.11898405265586852,0.1085089836017896,0.2433529752312429,4.99187233921122,2.0217920975314048,9.13773962671301,0.947712207971916,4.46318021720702,-36.730539320025784,-43.368339608898,20.750659868474717,-54.761734277506584,-21.512092063485433,0.0,0.5600084141239032,0.48549878781325084,10.171052631578947,13.226315789473684,3.055263157894737,0.3052219403503333,0.20089714784303703,0.16445906432748536,0.14429361598440543,0.16502734154289578,0.1898951274699808,0.16502734154289578
flat_promoter_aligned_cut_and_splice_25pop_25off_50gen_1000steps,promoter_aligned_cut_and_splice,3,parent1,1140,1140,1,0.22790712362493507,0.2142519844150268,0.12831735079571413,0.14872780194469093,0.2863529753872207,0.30192495126705654,0.3055555555555556,0.15760692572236126,0.1944444444444444,0.4166666666666667,0.7441827185014711,0.8260869565217391,0.2365711544157853,0.7185714285714285,0.8888888888888888,0.39250041523678886,0.44949494949494945,0.2540076119399904,0.2,0.6,0.3170868148854926,0.32646430950002375,0.13396033576169633,0.244042994042994,0.40989944350521273,0.16891417070426973,0.1350192948727382,0.11898405265586852,0.1085089836017896,0.2433529752312429,4.99187233921122,2.0217920975314048,9.13773962671301,0.947712207971916,4.46318021720702,-36.69701412178407,-44.124487271366974,20.34613698375529,-54.3395731814913,-22.166147057317886,0.0,0.5922532228609466,0.5582561616264962,10.869298245614035,13.839473684210526,2.9701754385964914,0.34581861455951435,0.2331132626509359,0.1875146198830409,0.16266520467836254,0.1824909138351046,0.2296557725266785,0.1824909138351046
flat_promoter_aligned_cut_and_splice_25pop_25off_50gen_1000steps,promoter_aligned_cut_and_splice,3,parent2,1140,1140,1,0.24444521421426996,0.22208972495235518,0.12140434128916043,0.1627179533827121,0.30614551527011014,0.3222953216374269,0.3333333333333333,0.14108639737611725,0.2222222222222222,0.4166666666666667,0.7960079655780007,0.8461538461538461,0.18313087959782787,0.7692307692307693,0.9,0.41979264603042504,0.5,0.2508722725198592,0.25,0.625,0.34196775716012845,0.3414739696875324,0.12036084659690005,0.2710189756824372,0.4185078079814922,0.16891417070426973,0.1350192948727382,0.11898405265586852,0.1085089836017896,0.2433529752312429,4.99187233921122,2.0217920975314048,9.13773962671301,0.947712207971916,4.46318021720702,-34.95784992232429,-36.74200442093645,20.972204990644496,-54.130590315165634,-20.52862886413739,0.0,0.5922532228609466,0.5987660448902911,11.602631578947369,14.630701754385965,3.0280701754385966,0.37046591798103445,0.2408362715782063,0.20064327485380115,0.16926583820662763,0.1988197917557914,0.2577304877724464,0.1988197917557914
flat_promoter_aligned_cut_and_splice_25pop_25off_50gen_1000steps,promoter_aligned_cut_and_splice,4,closest_parent,1122,1122,1,0.18485031282989003,0.1714389784663783,0.11456444263472926,0.11010935397317656,0.24870118146647566,0.2663646266587443,0.2777777777777778,0.1507273581089093,0.1666666666666666,0.3611111111111111,0.6834536544099844,0.7777777777777778,0.2659373123930657,0.625,0.8571428571428571,0.28198600147129554,0.2857142857142857,0.23864539776437985,0.0,0.5,0.27118493897654095,0.2863570190493267,0.13207332854083187,0.19271191834722046,0.3670954045954046,0.14396040510999103,0.1315789882554648,0.11083708136157089,0.0758576836913908,0.2227886300118375,6.70422698147653,2.1297754999571694,12.477263698116236,0.8045958704789484,5.455582758306428,-32.92543171473921,-32.24543056952304,18.93156298710339,-48.62288580097652,-21.64662027117501,0.0,0.6042863866057526,0.45278894522707736,9.589126559714796,11.6524064171123,2.0632798573975046,0.2986435398208445,0.1414175045115967,0.17756981580510992,0.1344602891661715,0.16014974837670737,0.19751750330745296,0.16014974837670737
flat_promoter_aligned_cut_and_splice_25pop_25off_50gen_1000steps,promoter_aligned_cut_and_splice,4,parent1,1122,1122,1,0.2097609050703255,0.19481817456666917,0.11862536090994484,0.12519032778548558,0.2871070206493879,0.27797583679936616,0.2777777777777778,0.1423077500701957,0.17361111111111105,0.3888888888888889,0.7061792184141868,0.7777777777777778,0.2345286454950234,0.6470588235294118,0.8571428571428571,0.2795324192048791,0.2857142857142857,0.230715806848268,0.0,0.4545454545454545,0.2922298709280667,0.30094881969881965,0.1246617548518629,0.216562604062604,0.37821455505279034,0.14396040510999103,0.1315789882554648,0.11083708136157089,0.0758576836913908,0.2227886300118375,6.70422698147653,2.1297754999571694,12.477263698116236,0.8045958704789484,5.455582758306428,-33.10420706827289,-31.88194407870479,18.78526405804082,-48.733516249544316,-22.21658389056598,0.0,0.6042863866057526,0.5138071854066782,10.007130124777184,11.97860962566845,1.9714795008912656,0.3241275697624441,0.1557800962810195,0.20623885918003562,0.14525326797385618,0.17735361010777062,0.2400223147962217,0.17735361010777062
flat_promoter_aligned_cut_and_splice_25pop_25off_50gen_1000steps,promoter_aligned_cut_and_splice,4,parent2,1122,1122,1,0.22542874068138852,0.2121894281933327,0.12581531515799024,0.13728623211943222,0.31141071926530645,0.2868389780154486,0.3055555555555556,0.14286401343688682,0.1944444444444444,0.3888888888888889,0.730870852692348,0.8,0.23830588409428097,0.6875,0.8878205128205128,0.2953958326284529,0.3333333333333333,0.24822190117009776,0.0,0.5,0.31283197751510833,0.3266169941169941,0.13485663676324117,0.24067078754578752,0.4079326923076922,0.14396040510999103,0.1315789882554648,0.11083708136157089,0.0758576836913908,0.2227886300118375,6.70422698147653,2.1297754999571694,12.477263698116236,0.8045958704789484,5.455582758306428,-32.042077254912776,-30.60385082709452,18.45384821115658,-47.82171926845825,-21.444390806770564,0.0,0.6042863866057526,0.5521853880275902,10.32620320855615,12.351158645276293,2.0249554367201426,0.35675157137125735,0.16128306143311044,0.22018716577540107,0.1529926718162012,0.19492446819577233,0.26677030685170033,0.19492446819577233
flat_promoter_aligned_cut_and_splice_25pop_25off_50gen_1000steps,promoter_aligned_cut_and_splice,5,closest_parent,1128,1128,1,0.19291925367773197,0.1750922833141338,0.10673271638146413,0.12758454748803286,0.24061436825316462,0.33114164696611503,0.3333333333333333,0.16817021483736877,0.2222222222222222,0.4444444444444444,0.7670506441001976,0.8421052631578947,0.2190931619327756,0.7216666666666667,0.9047619047619048,0.3828411599785974,0.4285714285714285,0.26244463352371367,0.1666666666666666,0.6,0.306280768667405,0.31157906652369616,0.11951634648223525,0.24304651697508836,0.373458485958486,0.1876811669703914,0.1876023453216553,0.08624895455661995,0.1457700389946354,0.243740804599573,4.240710673205667,1.5596947833941146,9.053023694012298,0.6429217149462267,3.837096783968213,-23.901922143729596,-22.940744586756395,17.644528597949865,-28.066629956122092,-11.910193566343171,0.0,0.5518263501738566,0.4725537330689904,11.921099290780141,14.768617021276595,2.847517730496454,0.31910311223888776,0.13895951350159844,0.16179078014184395,0.13689223798266348,0.1844707599938317,0.19279210805193114,0.18447075999383167
flat_promoter_aligned_cut_and_splice_25pop_25off_50gen_1000steps,promoter_aligned_cut_and_splice,5,parent1,1128,1128,1,0.2251508530507697,0.21481373148975536,0.10957745485000608,0.1538634850802172,0.27957563327382134,0.32274428684003154,0.3333333333333333,0.15606921193297638,0.2222222222222222,0.4444444444444444,0.7674052502398229,0.8333333333333334,0.20359945060094137,0.7142857142857143,0.9,0.38445843813686426,0.4166666666666667,0.253715243907078,0.2,0.5833333333333334,0.3333270885974626,0.3371598259395205,0.12063531513920421,0.2712852585448739,0.4040524671407024,0.1876811669703914,0.1876023453216553,0.08624895455661995,0.1457700389946354,0.243740804599573,4.240710673205667,1.5596947833941146,9.053023694012298,0.6429217149462267,3.837096783968213,-24.768932829598338,-22.992865874432724,18.574917954610815,-28.40151162148021,-12.946103584714415,0.0,0.5553197723390412,0.5515047051267431,11.618794326241135,14.404255319148936,2.7854609929078014,0.3291320080115497,0.16807731199497333,0.17587174940898345,0.15949320330969263,0.25216955593564966,0.2105341833736908,0.25216955593564966
flat_promoter_aligned_cut_and_splice_25pop_25off_50gen_1000steps,promoter_aligned_cut_and_splice,5,parent2,1128,1128,1,0.23329845394351334,0.21231729473704608,0.110684502096506,0.160329134909567,0.28446093561408825,0.35712174940898345,0.3611111111111111,0.14986827234283295,0.25,0.4444444444444444,0.827265004894892,0.8666666666666667,0.15155998749843755,0.7894736842105263,0.9166666666666666,0.4372577669022444,0.5,0.25798747162805713,0.25,0.6363636363636364,0.35484201658985004,0.34830749393774596,0.11380151288580297,0.28657305929364746,0.43145635614385613,0.1876811669703914,0.1876023453216553,0.08624895455661995,0.1457700389946354,0.243740804599573,4.240710673205667,1.5596947833941146,9.053023694012298,0.6429217149462267,3.837096783968213,-24.230360550789516,-22.58704230276385,18.377712352974722,-27.835333903481605,-11.36016333214293,0.0,0.5648434121366379,0.5714621699418097,12.856382978723405,15.792553191489361,2.9361702127659575,0.362176251508202,0.1651379274564846,0.1868351063829787,0.1588095941686367,0.26816478649832187,0.21803636220145753,0.26816478649832187
flat_promoter_aligned_cut_and_splice_25pop_25off_50gen_1000steps,promoter_aligned_cut_and_splice,6,closest_parent,1177,1177,1,0.1813847102429729,0.1636807356409258,0.12550461597283594,0.1074131296490347,0.2350071438976748,0.26871518927593696,0.25,0.17462796945128695,0.1388888888888889,0.4166666666666667,0.6822403446140537,0.7692307692307693,0.2810005476876422,0.5789473684210527,0.8947368421052632,0.33581760876603195,0.3333333333333333,0.2572733572301668,0.0,0.5,0.27093368338436485,0.288961038961039,0.13572171599731142,0.2030149337841645,0.3606222481222481,0.11705740897538248,0.1045683236336424,0.124127321631681,0.0,0.1793917191383912,9.027657757246796,2.427863366995574,16.271759179390887,0.6885479027347583,6.061600802585495,-40.430780588011615,-52.57511301943457,24.823051329727285,-61.68267165669009,-16.713127034279204,0.0,0.5380686312115249,0.444299987237861,9.67374681393373,12.492778249787596,2.8190314358538657,0.29382074200365665,0.1405167767590676,0.1471537807986406,0.11810582460115168,0.15142723894349314,0.20947942008902076,0.15142723894349314
flat_promoter_aligned_cut_and_splice_25pop_25off_50gen_1000steps,promoter_aligned_cut_and_splice,6,parent1,1177,1177,1,0.20775788357573552,0.1845973995602706,0.12543852902446176,0.1270832177775972,0.2608464254747273,0.27636174832436516,0.25,0.16790295859724783,0.1388888888888889,0.4166666666666667,0.7087939097888027,0.7777777777777778,0.24755297161151738,0.5909090909090909,0.9,0.350310447489217,0.3846153846153846,0.2539189780445085,0.0833333333333333,0.5384615384615384,0.29798353172702813,0.3122818358112476,0.1266556358110625,0.2269230769230769,0.3779938010707241,0.11705740897538248,0.1045683236336424,0.124127321631681,0.0,0.1793917191383912,9.027657757246796,2.427863366995574,16.271759179390887,0.6885479027347583,6.061600802585495,-40.28150296855577,-49.86082202641051,24.483868542947373,-61.47736020530523,-18.69960755689021,0.0,0.545157318631616,0.5089008048011059,9.949022939677146,12.956669498725573,3.0076465590484283,0.3141073088605268,0.16292068060007472,0.1587227414330218,0.13472930236948927,0.19100474077350765,0.23949135095056928,0.19100474077350765
flat_promoter_aligned_cut_and_splice_25pop_25off_50gen_1000steps,promoter_aligned_cut_and_splice,6,parent2,1177,1177,1,0.20654789849569763,0.1812726456513699,0.13584379644177932,0.1231668300607387,0.2622512538856756,0.2865099594071557,0.2777777777777778,0.1747948876950823,0.1666666666666666,0.4166666666666667,0.709411264215719,0.8095238095238095,0.2741675611935486,0.625,0.9166666666666666,0.3495762694610713,0.3888888888888889,0.2618747606978759,0.0,0.5555555555555556,0.2931041606073798,0.3102012994546931,0.13964138583588587,0.221631000578369,0.388944388944389,0.11705740897538248,0.1045683236336424,0.124127321631681,0.0,0.1793917191383912,9.027657757246796,2.427863366995574,16.271759179390887,0.6885479027347583,6.061600802585495,-39.354074228556634,-49.75291346167337,25.00130031693391,-60.82327479496199,-15.52104336302456,0.0,0.6014954392665582,0.5059369587586324,10.314358538657604,13.096006796941376,2.7816482582837723,0.31158546163568246,0.16481983763949876,0.16056357972245822,0.13227485131690736,0.18654476750489302,0.24311557530546485,0.18654476750489302
flat_promoter_aligned_cut_and_splice_25pop_25off_50gen_1000steps,promoter_aligned_cut_and_splice,7,closest_parent,1190,1190,1,0.22516896232588132,0.2236326766688492,0.14507639584007803,0.1202322764907012,0.3707752416699246,0.19467787114845939,0.1944444444444444,0.1288126302905469,0.1388888888888889,0.29861111111111116,0.6048330795885583,0.6899038461538461,0.3052788485761107,0.5555555555555556,0.84,0.17943034323286425,0.0,0.2334038865632103,0.0,0.3333333333333333,0.24816939163319268,0.2489316239316239,0.14528233459422862,0.1744734432234432,0.3525641025641026,0.07959539047904084,0.0,0.11798364967933368,0.0,0.2010805615366201,7.212877173597351,2.86680847605915,13.052793885250146,0.8165667632188499,5.891479207697479,-38.01573957529535,-42.33812579249988,20.40129076048685,-55.14386241728472,-23.388161861144443,0.0,0.4887015758949645,0.5515490636103784,7.008403361344538,8.150420168067226,1.142016806722689,0.3624018408098487,0.23665420500180337,0.16298319327731092,0.1605550887021475,0.10521370006423739,0.3077886707267577,0.10521370006423739
flat_promoter_aligned_cut_and_splice_25pop_25off_50gen_1000steps,promoter_aligned_cut_and_splice,7,parent1,1190,1190,1,0.24231167866367334,0.250654171270651,0.14518842329061366,0.13847538791507413,0.3707752416699246,0.20098039215686272,0.1944444444444444,0.1279089309025732,0.1388888888888889,0.3055555555555556,0.6171964975602412,0.6899038461538461,0.2958994526172718,0.5800438596491229,0.8461538461538461,0.18422740658034775,0.0,0.22720461690064614,0.0,0.3333333333333333,0.2649461574399479,0.2509157509157509,0.1493225113373411,0.1926790357078818,0.3691485864562788,0.07959539047904084,0.0,0.11798364967933368,0.0,0.2010805615366201,7.212877173597351,2.86680847605915,13.052793885250146,0.8165667632188499,5.891479207697479,-37.80315486972601,-41.997376267395836,20.518513385106413,-54.89857421524855,-23.09255183981086,0.0,0.5875584844976128,0.5935399714432413,7.235294117647059,8.329411764705883,1.0941176470588236,0.379194039342306,0.24540445632297817,0.19505602240896358,0.1683830532212885,0.12186395649205188,0.32713113498518837,0.12186395649205188
flat_promoter_aligned_cut_and_splice_25pop_25off_50gen_1000steps,promoter_aligned_cut_and_splice,7,parent2,1190,1190,1,0.2464733519562967,0.250654171270651,0.14458644934700085,0.1541430946716103,0.3707752416699246,0.2091036414565826,0.1944444444444444,0.12844128283152062,0.1388888888888889,0.3055555555555556,0.6392575610944007,0.7350877192982456,0.29678491144187924,0.625,0.8571428571428571,0.2064418634586702,0.0,0.2437571134311615,0.0,0.375,0.27263812157171113,0.2771420744497668,0.14882948055745665,0.20629968322276013,0.3738476044966429,0.07959539047904084,0.0,0.11798364967933368,0.0,0.2010805615366201,7.212877173597351,2.86680847605915,13.052793885250146,0.8165667632188499,5.891479207697479,-37.04368479670347,-41.45256784906882,20.28921067117156,-53.93072641415819,-22.546884314309548,0.0,0.6105553028004735,0.6037339474863369,7.527731092436975,8.746218487394957,1.218487394957983,0.3874567367257867,0.24670452539625828,0.20072829131652659,0.16927941176470584,0.13003358393739986,0.33333567740821823,0.13003358393739986
flat_promoter_aligned_cut_and_splice_25pop_25off_50gen_1000steps,promoter_aligned_cut_and_splice,8,closest_parent,1091,1091,1,0.19745857714558596,0.1837117307087384,0.14590479108670454,0.10022238897372901,0.2835583340305588,0.2539718912312863,0.25,0.19437658647972814,0.0833333333333333,0.4444444444444444,0.6137237851636533,0.75,0.3318067573344026,0.3514705882352941,0.8947368421052632,0.32819638465838163,0.3157894736842105,0.26931784546231896,0.0,0.5,0.28065193080648765,0.3033910533910534,0.1700223486715999,0.17461517788508907,0.4084579051178241,0.10439278989451953,0.0,0.1390340658596553,0.0,0.2559195742477894,8.53157984457312,2.2997688874621414,15.922518866311798,0.9841319119116527,6.2439087749670925,-34.094101085787166,-26.917964498283677,25.12940773270718,-57.242453229585564,-11.399172338512098,0.0,0.5626854112459808,0.48367275934267373,9.142988084326307,11.775435380384968,2.6324472960586616,0.31095437682613036,0.178307583399485,0.15805071799572257,0.14040100824931254,0.18200824047793995,0.18930762522232128,0.18200824047793995
flat_promoter_aligned_cut_and_splice_25pop_25off_50gen_1000steps,promoter_aligned_cut_and_splice,8,parent1,1091,1091,1,0.21591706785276835,0.2026648206286679,0.15459948804708057,0.10563106626217239,0.32027912119422697,0.2561106018942865,0.25,0.1916568776450549,0.0833333333333333,0.4444444444444444,0.6182017279504084,0.75,0.3240985948566352,0.3636363636363636,0.8888888888888888,0.32504878794326936,0.3076923076923077,0.2613619936579301,0.0,0.5,0.29691783970178576,0.3165635744709631,0.1735722495295627,0.1775352821781393,0.42724053724053723,0.10439278989451953,0.0,0.1390340658596553,0.0,0.2559195742477894,8.53157984457312,2.2997688874621414,15.922518866311798,0.9841319119116527,6.2439087749670925,-34.37780014314382,-26.26820453353895,25.400811896303594,-57.78044481211745,-10.936774119834134,0.0,0.6794326526035295,0.5288866429971756,9.219981668194317,11.783684692942256,2.5637030247479378,0.3338450343701622,0.19506517240352153,0.16900397189123129,0.1538377125980242,0.1994103395065432,0.21871518680220184,0.19941033950654316
flat_promoter_aligned_cut_and_splice_25pop_25off_50gen_1000steps,promoter_aligned_cut_and_splice,8,parent2,1091,1091,1,0.23154306738952635,0.2290052742577342,0.14964537706378223,0.1176370837423399,0.34014818064189306,0.2830481719115999,0.2777777777777778,0.1910850094182954,0.1111111111111111,0.4722222222222222,0.6710026728489238,0.8125,0.31476214263583874,0.4761904761904761,0.9130434782608696,0.35705006207708445,0.3333333333333333,0.2698041944559576,0.0714285714285714,0.6,0.31820709841259126,0.3388278388278388,0.16838688648375463,0.212984237984238,0.4446351754306299,0.10439278989451953,0.0,0.1390340658596553,0.0,0.2559195742477894,8.53157984457312,2.2997688874621414,15.922518866311798,0.9841319119116527,6.2439087749670925,-33.4907268547248,-23.68011903926596,25.671944188349,-57.33354477708006,-10.218680347740627,0.0,0.597604747448912,0.5671623685831989,10.1897341888176,12.77268560953254,2.58295142071494,0.3560603741041782,0.20895591072339895,0.1856095325389551,0.1614293716264385,0.22621780113054146,0.22900825486472048,0.22621780113054146
flat_promoter_aligned_cut_and_splice_25pop_25off_50gen_1000steps,promoter_aligned_cut_and_splice,9,closest_parent,1128,1128,1,0.23367022842634821,0.2361424513223911,0.15312648108481602,0.12791460574585412,0.3479471484044528,0.23135835303388497,0.2222222222222222,0.1617024390056356,0.13194444444444445,0.3333333333333333,0.6652127975839636,0.7857142857142857,0.3155180203174574,0.6,0.8888888888888888,0.24382266076180342,0.1666666666666666,0.2657126106045218,0.0,0.5,0.28170951712719056,0.3069756083459656,0.16154867695073288,0.19794493006993,0.3990842490842491,0.13223766924999328,0.1380728340778448,0.13281409055908158,0.0,0.2023401147977173,5.437542309824389,1.6872171876303768,10.025666851446298,0.6655636228609482,4.201784572590419,-26.870655358148635,-24.70753978185033,16.22502314916558,-39.30573444618849,-16.5600688189355,0.0,0.547704594431908,0.5723728277241421,8.328900709219859,9.692375886524824,1.3634751773049645,0.3211975730727913,0.2535692205125334,0.21567671394799054,0.1984367612293144,0.18052896862976867,0.22099121136291364,0.18052896862976867
flat_promoter_aligned_cut_and_splice_25pop_25off_50gen_1000steps,promoter_aligned_cut_and_splice,9,parent1,1128,1128,1,0.2550480894500339,0.269363042698226,0.16123101597975756,0.1432749222917787,0.38347753529348283,0.22527580772261624,0.2222222222222222,0.1566735215278158,0.1388888888888889,0.3333333333333333,0.6626591537157608,0.7777777777777778,0.3132960341266518,0.6,0.875,0.23361773074304362,0.0,0.2635550375637412,0.0,0.5,0.29339797148395586,0.3256868131868132,0.1658114277300843,0.2028388278388278,0.413034188034188,0.13223766924999328,0.1380728340778448,0.13281409055908158,0.0,0.2023401147977173,5.437542309824389,1.6872171876303768,10.025666851446298,0.6655636228609482,4.201784572590419,-28.144965855537976,-25.14276272523866,16.755883465123087,-44.59774281405896,-17.44607907756141,0.0,0.547704594431908,0.6247376790243044,8.109929078014185,9.421985815602836,1.3120567375886525,0.32959145315655636,0.2893918691011394,0.22826536643026002,0.2197931442080378,0.1935474811741402,0.2476850750248624,0.1935474811741402
flat_promoter_aligned_cut_and_splice_25pop_25off_50gen_1000steps,promoter_aligned_cut_and_splice,9,parent2,1128,1128,1,0.2760226082736382,0.285507547060727,0.1489601812024119,0.17804062723307365,0.3937045641438301,0.25315208825847124,0.25,0.1507437562472068,0.1388888888888889,0.3611111111111111,0.7222001281260605,0.8181818181818182,0.27991928224026896,0.7,0.9,0.2607838575923682,0.25,0.26826020606964884,0.0,0.5,0.3194075878613909,0.3364010989010989,0.15304597215473237,0.24637168387168387,0.427363782051282,0.13223766924999328,0.1380728340778448,0.13281409055908158,0.0,0.2023401147977173,5.437542309824389,1.6872171876303768,10.025666851446298,0.6655636228609482,4.201784572590419,-26.62703784114286,-24.531364235653502,16.679117089290184,-40.47559822516283,-15.927737192422363,0.0,0.547704594431908,0.676114547742536,9.113475177304965,10.422872340425531,1.3093971631205674,0.36777816865583673,0.31051038276049364,0.248153073286052,0.23318927304964537,0.20775011389170897,0.266075955716275,0.20775011389170897
flat_promoter_aligned_cut_and_splice_25pop_25off_50gen_1000steps,promoter_aligned_cut_and_splice,10,closest_parent,1069,1069,1,0.19253500599863532,0.1961191145668367,0.10419351622993235,0.1353856172128877,0.2636894062427284,0.24914250077954472,0.25,0.18235103704451222,0.1111111111111111,0.3611111111111111,0.6944992807450195,0.8333333333333334,0.3024530362456644,0.6,0.9090909090909092,0.32425590888076444,0.3333333333333333,0.2747228453384797,0.0,0.5,0.28508012287918166,0.3066445515695803,0.13951540663798864,0.219544807044807,0.3751725838264299,0.15741034549024577,0.142708623561322,0.1451768070591758,0.0,0.2688568187436717,4.494900401663927,1.6895665670469548,8.78447053138371,0.6308367202418297,3.700163253701032,-30.43946743276756,-26.710669757336483,19.610156708231557,-50.59996823689507,-14.292839137703591,0.0,0.5423286553100163,0.4716125223203549,8.969130028063612,10.857811038353601,1.8886810102899907,0.305292763759325,0.12282610832086727,0.15908949173682568,0.13980953123375942,0.18035143603635875,0.2331728392849286,0.18035143603635875
flat_promoter_aligned_cut_and_splice_25pop_25off_50gen_1000steps,promoter_aligned_cut_and_splice,10,parent1,1069,1069,1,0.2174179052352864,0.222512801326149,0.11432785712212386,0.1491690542154562,0.2918352010810262,0.25309219415861134,0.25,0.18205743450209172,0.1111111111111111,0.3611111111111111,0.7038144711881785,0.8333333333333334,0.29414714224098715,0.6,0.9166666666666666,0.32449935761579407,0.3333333333333333,0.2729244407692334,0.0,0.5,0.30058818278916233,0.318073593073593,0.14097131006964875,0.2325608152531229,0.3901098901098901,0.15741034549024577,0.142708623561322,0.1451768070591758,0.0,0.2688568187436717,4.494900401663927,1.6895665670469548,8.78447053138371,0.6308367202418297,3.700163253701032,-30.40358628943632,-26.67655572421741,19.637165780833516,-50.63836516235903,-13.847673466348686,0.0,0.5423286553100163,0.532562928771239,9.111318989710009,10.909260991580917,1.7979420018709074,0.33412825826201054,0.13344168540956894,0.17684752104770812,0.15548929425215668,0.19888847597432907,0.28120264961595504,0.19888847597432904
flat_promoter_aligned_cut_and_splice_25pop_25off_50gen_1000steps,promoter_aligned_cut_and_splice,10,parent2,1069,1069,1,0.2397090153336937,0.2386052738192965,0.11285841931886799,0.1754596597929668,0.3070793192008267,0.2851834528635277,0.2777777777777778,0.17513277698786225,0.1666666666666666,0.3888888888888889,0.7639031508227533,0.875,0.2571698171402874,0.7142857142857143,0.9285714285714286,0.34383790905072475,0.3333333333333333,0.2764834097956347,0.0,0.5714285714285714,0.330887759793097,0.3395604395604395,0.13469213402244673,0.268862903478288,0.4174843014128728,0.15741034549024577,0.142708623561322,0.1451768070591758,0.0,0.2688568187436717,4.494900401663927,1.6895665670469548,8.78447053138371,0.6308367202418297,3.700163253701032,-29.56536664064241,-26.35799504272341,19.530926533280336,-50.1022446337748,-13.296166016769511,0.0,0.5423286553100163,0.5871647743125384,10.266604303086996,12.016838166510757,1.7502338634237604,0.37868428832619444,0.1398475160801124,0.19677268475210477,0.17357629144579562,0.21600511032803876,0.32033143736494857,0.21600511032803876
